,ft_name,profile_corr,prompt_name,mixing,badshuffle,usetruecliptext,dataset,sub,test_dataset,algorithm
0,vdvae,0.0009011868319283,human_captions,0.0,False,False,deeprecon,AM,test,brain_diffuser
1,cliptext_final,0.2356686403746072,human_captions,0.0,False,False,deeprecon,AM,test,brain_diffuser
2,cliptext_tokens,0.232182934683837,human_captions,0.0,False,False,deeprecon,AM,test,brain_diffuser
3,clipvision_final,0.2092932074238305,human_captions,0.0,False,False,deeprecon,AM,test,brain_diffuser
4,clipvision_patches,0.0791648288177022,human_captions,0.0,False,False,deeprecon,AM,test,brain_diffuser
0,vdvae,0.0007363701676746,human_captions,0.0,False,False,deeprecon,AM,art,brain_diffuser
1,cliptext_final,0.0576480697343557,human_captions,0.0,False,False,deeprecon,AM,art,brain_diffuser
2,cliptext_tokens,0.0819487366250765,human_captions,0.0,False,False,deeprecon,AM,art,brain_diffuser
3,clipvision_final,0.0520840530226814,human_captions,0.0,False,False,deeprecon,AM,art,brain_diffuser
4,clipvision_patches,0.050445370025219,human_captions,0.0,False,False,deeprecon,AM,art,brain_diffuser
0,vdvae,0.0009011868319283,human_captions,0.25,False,False,deeprecon,AM,test,brain_diffuser
1,cliptext_final,0.2356686403746072,human_captions,0.25,False,False,deeprecon,AM,test,brain_diffuser
2,cliptext_tokens,0.232182934683837,human_captions,0.25,False,False,deeprecon,AM,test,brain_diffuser
3,clipvision_final,0.2092932074238305,human_captions,0.25,False,False,deeprecon,AM,test,brain_diffuser
4,clipvision_patches,0.0791648288177022,human_captions,0.25,False,False,deeprecon,AM,test,brain_diffuser
0,vdvae,0.0007363701676746,human_captions,0.25,False,False,deeprecon,AM,art,brain_diffuser
1,cliptext_final,0.0576480697343557,human_captions,0.25,False,False,deeprecon,AM,art,brain_diffuser
2,cliptext_tokens,0.0819487366250765,human_captions,0.25,False,False,deeprecon,AM,art,brain_diffuser
3,clipvision_final,0.0520840530226814,human_captions,0.25,False,False,deeprecon,AM,art,brain_diffuser
4,clipvision_patches,0.050445370025219,human_captions,0.25,False,False,deeprecon,AM,art,brain_diffuser
0,vdvae,0.0009011868319283,human_captions,0.5,False,False,deeprecon,AM,test,brain_diffuser
1,cliptext_final,0.2356686403746072,human_captions,0.5,False,False,deeprecon,AM,test,brain_diffuser
2,cliptext_tokens,0.232182934683837,human_captions,0.5,False,False,deeprecon,AM,test,brain_diffuser
3,clipvision_final,0.2092932074238305,human_captions,0.5,False,False,deeprecon,AM,test,brain_diffuser
4,clipvision_patches,0.0791648288177022,human_captions,0.5,False,False,deeprecon,AM,test,brain_diffuser
0,vdvae,0.0007363701676746,human_captions,0.5,False,False,deeprecon,AM,art,brain_diffuser
1,cliptext_final,0.0576480697343557,human_captions,0.5,False,False,deeprecon,AM,art,brain_diffuser
2,cliptext_tokens,0.0819487366250765,human_captions,0.5,False,False,deeprecon,AM,art,brain_diffuser
3,clipvision_final,0.0520840530226814,human_captions,0.5,False,False,deeprecon,AM,art,brain_diffuser
4,clipvision_patches,0.050445370025219,human_captions,0.5,False,False,deeprecon,AM,art,brain_diffuser
0,vdvae,0.0009011868319283,human_captions,0.75,False,False,deeprecon,AM,test,brain_diffuser
1,cliptext_final,0.2356686403746072,human_captions,0.75,False,False,deeprecon,AM,test,brain_diffuser
2,cliptext_tokens,0.232182934683837,human_captions,0.75,False,False,deeprecon,AM,test,brain_diffuser
3,clipvision_final,0.2092932074238305,human_captions,0.75,False,False,deeprecon,AM,test,brain_diffuser
4,clipvision_patches,0.0791648288177022,human_captions,0.75,False,False,deeprecon,AM,test,brain_diffuser
0,vdvae,0.0007363701676746,human_captions,0.75,False,False,deeprecon,AM,art,brain_diffuser
1,cliptext_final,0.0576480697343557,human_captions,0.75,False,False,deeprecon,AM,art,brain_diffuser
2,cliptext_tokens,0.0819487366250765,human_captions,0.75,False,False,deeprecon,AM,art,brain_diffuser
3,clipvision_final,0.0520840530226814,human_captions,0.75,False,False,deeprecon,AM,art,brain_diffuser
4,clipvision_patches,0.050445370025219,human_captions,0.75,False,False,deeprecon,AM,art,brain_diffuser
0,vdvae,0.0009011868319283,human_captions,0.99,False,False,deeprecon,AM,test,brain_diffuser
1,cliptext_final,0.2356686403746072,human_captions,0.99,False,False,deeprecon,AM,test,brain_diffuser
2,cliptext_tokens,0.232182934683837,human_captions,0.99,False,False,deeprecon,AM,test,brain_diffuser
3,clipvision_final,0.2092932074238305,human_captions,0.99,False,False,deeprecon,AM,test,brain_diffuser
4,clipvision_patches,0.0791648288177022,human_captions,0.99,False,False,deeprecon,AM,test,brain_diffuser
0,vdvae,0.0007363701676746,human_captions,0.99,False,False,deeprecon,AM,art,brain_diffuser
1,cliptext_final,0.0576480697343557,human_captions,0.99,False,False,deeprecon,AM,art,brain_diffuser
2,cliptext_tokens,0.0819487366250765,human_captions,0.99,False,False,deeprecon,AM,art,brain_diffuser
3,clipvision_final,0.0520840530226814,human_captions,0.99,False,False,deeprecon,AM,art,brain_diffuser
4,clipvision_patches,0.050445370025219,human_captions,0.99,False,False,deeprecon,AM,art,brain_diffuser
0,vdvae,0.0009011868319283,human_captions,0.0,False,True,deeprecon,AM,test,brain_diffuser
1,cliptext_final,0.2356686459908939,human_captions,0.0,False,True,deeprecon,AM,test,brain_diffuser
2,cliptext_tokens,0.2321829389270917,human_captions,0.0,False,True,deeprecon,AM,test,brain_diffuser
3,clipvision_final,0.2092932074238305,human_captions,0.0,False,True,deeprecon,AM,test,brain_diffuser
4,clipvision_patches,0.0791648288177022,human_captions,0.0,False,True,deeprecon,AM,test,brain_diffuser
0,vdvae,0.0007363701676746,human_captions,0.0,False,True,deeprecon,AM,art,brain_diffuser
1,cliptext_final,0.0576480641026884,human_captions,0.0,False,True,deeprecon,AM,art,brain_diffuser
2,cliptext_tokens,0.0819487319829203,human_captions,0.0,False,True,deeprecon,AM,art,brain_diffuser
3,clipvision_final,0.0520840530226814,human_captions,0.0,False,True,deeprecon,AM,art,brain_diffuser
4,clipvision_patches,0.050445370025219,human_captions,0.0,False,True,deeprecon,AM,art,brain_diffuser
0,vdvae,0.0009011868319283,human_captions,0.25,False,True,deeprecon,AM,test,brain_diffuser
1,cliptext_final,0.2356686459908939,human_captions,0.25,False,True,deeprecon,AM,test,brain_diffuser
2,cliptext_tokens,0.2321829389270917,human_captions,0.25,False,True,deeprecon,AM,test,brain_diffuser
3,clipvision_final,0.2092932074238305,human_captions,0.25,False,True,deeprecon,AM,test,brain_diffuser
4,clipvision_patches,0.0791648288177022,human_captions,0.25,False,True,deeprecon,AM,test,brain_diffuser
0,vdvae,0.0007363701676746,human_captions,0.25,False,True,deeprecon,AM,art,brain_diffuser
1,cliptext_final,0.0576480641026884,human_captions,0.25,False,True,deeprecon,AM,art,brain_diffuser
2,cliptext_tokens,0.0819487319829203,human_captions,0.25,False,True,deeprecon,AM,art,brain_diffuser
3,clipvision_final,0.0520840530226814,human_captions,0.25,False,True,deeprecon,AM,art,brain_diffuser
4,clipvision_patches,0.050445370025219,human_captions,0.25,False,True,deeprecon,AM,art,brain_diffuser
0,vdvae,0.0009011868319283,human_captions,0.5,False,True,deeprecon,AM,test,brain_diffuser
1,cliptext_final,0.2356686403746072,human_captions,0.5,False,True,deeprecon,AM,test,brain_diffuser
2,cliptext_tokens,0.232182934683837,human_captions,0.5,False,True,deeprecon,AM,test,brain_diffuser
3,clipvision_final,0.2092932074238305,human_captions,0.5,False,True,deeprecon,AM,test,brain_diffuser
4,clipvision_patches,0.0791648288177022,human_captions,0.5,False,True,deeprecon,AM,test,brain_diffuser
0,vdvae,0.0007363701676746,human_captions,0.5,False,True,deeprecon,AM,art,brain_diffuser
1,cliptext_final,0.0576480697343557,human_captions,0.5,False,True,deeprecon,AM,art,brain_diffuser
2,cliptext_tokens,0.0819487366250765,human_captions,0.5,False,True,deeprecon,AM,art,brain_diffuser
3,clipvision_final,0.0520840530226814,human_captions,0.5,False,True,deeprecon,AM,art,brain_diffuser
4,clipvision_patches,0.050445370025219,human_captions,0.5,False,True,deeprecon,AM,art,brain_diffuser
0,vdvae,0.0009011868319283,human_captions,0.75,False,True,deeprecon,AM,test,brain_diffuser
1,cliptext_final,0.2356686403746072,human_captions,0.75,False,True,deeprecon,AM,test,brain_diffuser
2,cliptext_tokens,0.232182934683837,human_captions,0.75,False,True,deeprecon,AM,test,brain_diffuser
3,clipvision_final,0.2092932074238305,human_captions,0.75,False,True,deeprecon,AM,test,brain_diffuser
4,clipvision_patches,0.0791648288177022,human_captions,0.75,False,True,deeprecon,AM,test,brain_diffuser
0,vdvae,0.0007363701676746,human_captions,0.75,False,True,deeprecon,AM,art,brain_diffuser
1,cliptext_final,0.0576480697343557,human_captions,0.75,False,True,deeprecon,AM,art,brain_diffuser
2,cliptext_tokens,0.0819487366250765,human_captions,0.75,False,True,deeprecon,AM,art,brain_diffuser
3,clipvision_final,0.0520840530226814,human_captions,0.75,False,True,deeprecon,AM,art,brain_diffuser
4,clipvision_patches,0.050445370025219,human_captions,0.75,False,True,deeprecon,AM,art,brain_diffuser
0,vdvae,0.0009011868319283,human_captions,0.99,False,True,deeprecon,AM,test,brain_diffuser
1,cliptext_final,0.2356686403746072,human_captions,0.99,False,True,deeprecon,AM,test,brain_diffuser
2,cliptext_tokens,0.232182934683837,human_captions,0.99,False,True,deeprecon,AM,test,brain_diffuser
3,clipvision_final,0.2092932074238305,human_captions,0.99,False,True,deeprecon,AM,test,brain_diffuser
4,clipvision_patches,0.0791648288177022,human_captions,0.99,False,True,deeprecon,AM,test,brain_diffuser
0,vdvae,0.0007363701676746,human_captions,0.99,False,True,deeprecon,AM,art,brain_diffuser
1,cliptext_final,0.0576480697343557,human_captions,0.99,False,True,deeprecon,AM,art,brain_diffuser
2,cliptext_tokens,0.0819487366250765,human_captions,0.99,False,True,deeprecon,AM,art,brain_diffuser
3,clipvision_final,0.0520840530226814,human_captions,0.99,False,True,deeprecon,AM,art,brain_diffuser
4,clipvision_patches,0.050445370025219,human_captions,0.99,False,True,deeprecon,AM,art,brain_diffuser
0,vdvae,0.0009011868319283,human_captions_shuffled_single_caption,0.0,False,False,deeprecon,AM,test,brain_diffuser
1,cliptext_final,0.0071507709137672,human_captions_shuffled_single_caption,0.0,False,False,deeprecon,AM,test,brain_diffuser
2,cliptext_tokens,0.0111309185296727,human_captions_shuffled_single_caption,0.0,False,False,deeprecon,AM,test,brain_diffuser
3,clipvision_final,0.2092932074238305,human_captions_shuffled_single_caption,0.0,False,False,deeprecon,AM,test,brain_diffuser
4,clipvision_patches,0.0791648288177022,human_captions_shuffled_single_caption,0.0,False,False,deeprecon,AM,test,brain_diffuser
0,vdvae,0.0007363701676746,human_captions_shuffled_single_caption,0.0,False,False,deeprecon,AM,art,brain_diffuser
1,cliptext_final,0.007804557245978,human_captions_shuffled_single_caption,0.0,False,False,deeprecon,AM,art,brain_diffuser
2,cliptext_tokens,-0.0023201227787191,human_captions_shuffled_single_caption,0.0,False,False,deeprecon,AM,art,brain_diffuser
3,clipvision_final,0.0520840530226814,human_captions_shuffled_single_caption,0.0,False,False,deeprecon,AM,art,brain_diffuser
4,clipvision_patches,0.050445370025219,human_captions_shuffled_single_caption,0.0,False,False,deeprecon,AM,art,brain_diffuser
0,vdvae,0.0009011868319283,human_captions_shuffled_single_caption,0.25,False,False,deeprecon,AM,test,brain_diffuser
1,cliptext_final,0.0071507709137672,human_captions_shuffled_single_caption,0.25,False,False,deeprecon,AM,test,brain_diffuser
2,cliptext_tokens,0.0111309185296727,human_captions_shuffled_single_caption,0.25,False,False,deeprecon,AM,test,brain_diffuser
3,clipvision_final,0.2092932074238305,human_captions_shuffled_single_caption,0.25,False,False,deeprecon,AM,test,brain_diffuser
4,clipvision_patches,0.0791648288177022,human_captions_shuffled_single_caption,0.25,False,False,deeprecon,AM,test,brain_diffuser
0,vdvae,0.0007363701676746,human_captions_shuffled_single_caption,0.25,False,False,deeprecon,AM,art,brain_diffuser
1,cliptext_final,0.007804557245978,human_captions_shuffled_single_caption,0.25,False,False,deeprecon,AM,art,brain_diffuser
2,cliptext_tokens,-0.0023201227787191,human_captions_shuffled_single_caption,0.25,False,False,deeprecon,AM,art,brain_diffuser
3,clipvision_final,0.0520840530226814,human_captions_shuffled_single_caption,0.25,False,False,deeprecon,AM,art,brain_diffuser
4,clipvision_patches,0.050445370025219,human_captions_shuffled_single_caption,0.25,False,False,deeprecon,AM,art,brain_diffuser
0,vdvae,0.0009011868319283,human_captions_shuffled_single_caption,0.5,False,False,deeprecon,AM,test,brain_diffuser
1,cliptext_final,0.0071507709137672,human_captions_shuffled_single_caption,0.5,False,False,deeprecon,AM,test,brain_diffuser
2,cliptext_tokens,0.0111309185296727,human_captions_shuffled_single_caption,0.5,False,False,deeprecon,AM,test,brain_diffuser
3,clipvision_final,0.2092932074238305,human_captions_shuffled_single_caption,0.5,False,False,deeprecon,AM,test,brain_diffuser
4,clipvision_patches,0.0791648288177022,human_captions_shuffled_single_caption,0.5,False,False,deeprecon,AM,test,brain_diffuser
0,vdvae,0.0007363701676746,human_captions_shuffled_single_caption,0.5,False,False,deeprecon,AM,art,brain_diffuser
1,cliptext_final,0.007804557245978,human_captions_shuffled_single_caption,0.5,False,False,deeprecon,AM,art,brain_diffuser
2,cliptext_tokens,-0.0023201227787191,human_captions_shuffled_single_caption,0.5,False,False,deeprecon,AM,art,brain_diffuser
3,clipvision_final,0.0520840530226814,human_captions_shuffled_single_caption,0.5,False,False,deeprecon,AM,art,brain_diffuser
4,clipvision_patches,0.050445370025219,human_captions_shuffled_single_caption,0.5,False,False,deeprecon,AM,art,brain_diffuser
0,vdvae,0.0009011868319283,human_captions_shuffled_single_caption,0.75,False,False,deeprecon,AM,test,brain_diffuser
1,cliptext_final,0.0071507699888251,human_captions_shuffled_single_caption,0.75,False,False,deeprecon,AM,test,brain_diffuser
2,cliptext_tokens,0.0111309181167135,human_captions_shuffled_single_caption,0.75,False,False,deeprecon,AM,test,brain_diffuser
3,clipvision_final,0.2092932074238305,human_captions_shuffled_single_caption,0.75,False,False,deeprecon,AM,test,brain_diffuser
4,clipvision_patches,0.0791648288177022,human_captions_shuffled_single_caption,0.75,False,False,deeprecon,AM,test,brain_diffuser
0,vdvae,0.0007363701676746,human_captions_shuffled_single_caption,0.75,False,False,deeprecon,AM,art,brain_diffuser
1,cliptext_final,0.0078045575591796,human_captions_shuffled_single_caption,0.75,False,False,deeprecon,AM,art,brain_diffuser
2,cliptext_tokens,-0.0023201228580017,human_captions_shuffled_single_caption,0.75,False,False,deeprecon,AM,art,brain_diffuser
3,clipvision_final,0.0520840530226814,human_captions_shuffled_single_caption,0.75,False,False,deeprecon,AM,art,brain_diffuser
4,clipvision_patches,0.050445370025219,human_captions_shuffled_single_caption,0.75,False,False,deeprecon,AM,art,brain_diffuser
0,vdvae,0.0009011868319283,human_captions_shuffled_single_caption,0.99,False,False,deeprecon,AM,test,brain_diffuser
1,cliptext_final,0.0071507699888251,human_captions_shuffled_single_caption,0.99,False,False,deeprecon,AM,test,brain_diffuser
2,cliptext_tokens,0.0111309181167135,human_captions_shuffled_single_caption,0.99,False,False,deeprecon,AM,test,brain_diffuser
3,clipvision_final,0.2092932074238305,human_captions_shuffled_single_caption,0.99,False,False,deeprecon,AM,test,brain_diffuser
4,clipvision_patches,0.0791648288177022,human_captions_shuffled_single_caption,0.99,False,False,deeprecon,AM,test,brain_diffuser
0,vdvae,0.0007363701676746,human_captions_shuffled_single_caption,0.99,False,False,deeprecon,AM,art,brain_diffuser
1,cliptext_final,0.0078045575591796,human_captions_shuffled_single_caption,0.99,False,False,deeprecon,AM,art,brain_diffuser
2,cliptext_tokens,-0.0023201228580017,human_captions_shuffled_single_caption,0.99,False,False,deeprecon,AM,art,brain_diffuser
3,clipvision_final,0.0520840530226814,human_captions_shuffled_single_caption,0.99,False,False,deeprecon,AM,art,brain_diffuser
4,clipvision_patches,0.050445370025219,human_captions_shuffled_single_caption,0.99,False,False,deeprecon,AM,art,brain_diffuser
0,vdvae,0.0009011868319283,human_captions,0.4,False,False,deeprecon,AM,test,brain_diffuser
1,cliptext_final,0.2356686403746072,human_captions,0.4,False,False,deeprecon,AM,test,brain_diffuser
2,cliptext_tokens,0.232182934683837,human_captions,0.4,False,False,deeprecon,AM,test,brain_diffuser
3,clipvision_final,0.2092932074238305,human_captions,0.4,False,False,deeprecon,AM,test,brain_diffuser
4,clipvision_patches,0.0791648288177022,human_captions,0.4,False,False,deeprecon,AM,test,brain_diffuser
0,vdvae,0.0007363701676746,human_captions,0.4,False,False,deeprecon,AM,art,brain_diffuser
1,cliptext_final,0.0576480697343557,human_captions,0.4,False,False,deeprecon,AM,art,brain_diffuser
2,cliptext_tokens,0.0819487366250765,human_captions,0.4,False,False,deeprecon,AM,art,brain_diffuser
3,clipvision_final,0.0520840530226814,human_captions,0.4,False,False,deeprecon,AM,art,brain_diffuser
4,clipvision_patches,0.050445370025219,human_captions,0.4,False,False,deeprecon,AM,art,brain_diffuser
0,vdvae,0.0009011868319283,human_captions_shuffled_single_caption,0.4,False,False,deeprecon,AM,test,brain_diffuser
1,cliptext_final,0.0071507709137672,human_captions_shuffled_single_caption,0.4,False,False,deeprecon,AM,test,brain_diffuser
2,cliptext_tokens,0.0111309185296727,human_captions_shuffled_single_caption,0.4,False,False,deeprecon,AM,test,brain_diffuser
3,clipvision_final,0.2092932074238305,human_captions_shuffled_single_caption,0.4,False,False,deeprecon,AM,test,brain_diffuser
4,clipvision_patches,0.0791648288177022,human_captions_shuffled_single_caption,0.4,False,False,deeprecon,AM,test,brain_diffuser
0,vdvae,0.0007363701676746,human_captions_shuffled_single_caption,0.4,False,False,deeprecon,AM,art,brain_diffuser
1,cliptext_final,0.007804557245978,human_captions_shuffled_single_caption,0.4,False,False,deeprecon,AM,art,brain_diffuser
2,cliptext_tokens,-0.0023201227787191,human_captions_shuffled_single_caption,0.4,False,False,deeprecon,AM,art,brain_diffuser
3,clipvision_final,0.0520840530226814,human_captions_shuffled_single_caption,0.4,False,False,deeprecon,AM,art,brain_diffuser
4,clipvision_patches,0.050445370025219,human_captions_shuffled_single_caption,0.4,False,False,deeprecon,AM,art,brain_diffuser
0,vdvae,0.0009011868319283,low_level_short,0.4,False,False,deeprecon,AM,test,brain_diffuser
1,cliptext_final,0.1573877924937801,low_level_short,0.4,False,False,deeprecon,AM,test,brain_diffuser
2,cliptext_tokens,0.1398749626559583,low_level_short,0.4,False,False,deeprecon,AM,test,brain_diffuser
3,clipvision_final,0.2092932074238305,low_level_short,0.4,False,False,deeprecon,AM,test,brain_diffuser
4,clipvision_patches,0.0791648288177022,low_level_short,0.4,False,False,deeprecon,AM,test,brain_diffuser
0,vdvae,0.0007363701676746,low_level_short,0.4,False,False,deeprecon,AM,art,brain_diffuser
1,cliptext_final,0.0864164619393069,low_level_short,0.4,False,False,deeprecon,AM,art,brain_diffuser
2,cliptext_tokens,0.1058024711667818,low_level_short,0.4,False,False,deeprecon,AM,art,brain_diffuser
3,clipvision_final,0.0520840530226814,low_level_short,0.4,False,False,deeprecon,AM,art,brain_diffuser
4,clipvision_patches,0.050445370025219,low_level_short,0.4,False,False,deeprecon,AM,art,brain_diffuser
0,vdvae,0.0009011868319283,low_level_long,0.4,False,False,deeprecon,AM,test,brain_diffuser
1,cliptext_final,0.1458976673173539,low_level_long,0.4,False,False,deeprecon,AM,test,brain_diffuser
2,cliptext_tokens,0.1082837888075106,low_level_long,0.4,False,False,deeprecon,AM,test,brain_diffuser
3,clipvision_final,0.2092932074238305,low_level_long,0.4,False,False,deeprecon,AM,test,brain_diffuser
4,clipvision_patches,0.0791648288177022,low_level_long,0.4,False,False,deeprecon,AM,test,brain_diffuser
0,vdvae,0.0007363701676746,low_level_long,0.4,False,False,deeprecon,AM,art,brain_diffuser
1,cliptext_final,0.1046151837768146,low_level_long,0.4,False,False,deeprecon,AM,art,brain_diffuser
2,cliptext_tokens,0.1025111822567115,low_level_long,0.4,False,False,deeprecon,AM,art,brain_diffuser
3,clipvision_final,0.0520840530226814,low_level_long,0.4,False,False,deeprecon,AM,art,brain_diffuser
4,clipvision_patches,0.050445370025219,low_level_long,0.4,False,False,deeprecon,AM,art,brain_diffuser
0,vdvae,0.0009011868319283,high_level_short,0.4,False,False,deeprecon,AM,test,brain_diffuser
1,cliptext_final,0.2067763374959802,high_level_short,0.4,False,False,deeprecon,AM,test,brain_diffuser
2,cliptext_tokens,0.1926491245319282,high_level_short,0.4,False,False,deeprecon,AM,test,brain_diffuser
3,clipvision_final,0.2092932074238305,high_level_short,0.4,False,False,deeprecon,AM,test,brain_diffuser
4,clipvision_patches,0.0791648288177022,high_level_short,0.4,False,False,deeprecon,AM,test,brain_diffuser
0,vdvae,0.0007363701676746,high_level_short,0.4,False,False,deeprecon,AM,art,brain_diffuser
1,cliptext_final,0.0490378641576337,high_level_short,0.4,False,False,deeprecon,AM,art,brain_diffuser
2,cliptext_tokens,0.0640943827338827,high_level_short,0.4,False,False,deeprecon,AM,art,brain_diffuser
3,clipvision_final,0.0520840530226814,high_level_short,0.4,False,False,deeprecon,AM,art,brain_diffuser
4,clipvision_patches,0.050445370025219,high_level_short,0.4,False,False,deeprecon,AM,art,brain_diffuser
0,vdvae,0.0009011868319283,high_level_long,0.4,False,False,deeprecon,AM,test,brain_diffuser
1,cliptext_final,0.1868670500917438,high_level_long,0.4,False,False,deeprecon,AM,test,brain_diffuser
2,cliptext_tokens,0.1541329448539226,high_level_long,0.4,False,False,deeprecon,AM,test,brain_diffuser
3,clipvision_final,0.2092932074238305,high_level_long,0.4,False,False,deeprecon,AM,test,brain_diffuser
4,clipvision_patches,0.0791648288177022,high_level_long,0.4,False,False,deeprecon,AM,test,brain_diffuser
0,vdvae,0.0007363701676746,high_level_long,0.4,False,False,deeprecon,AM,art,brain_diffuser
1,cliptext_final,0.0593765148965909,high_level_long,0.4,False,False,deeprecon,AM,art,brain_diffuser
2,cliptext_tokens,0.0702673415003008,high_level_long,0.4,False,False,deeprecon,AM,art,brain_diffuser
3,clipvision_final,0.0520840530226814,high_level_long,0.4,False,False,deeprecon,AM,art,brain_diffuser
4,clipvision_patches,0.050445370025219,high_level_long,0.4,False,False,deeprecon,AM,art,brain_diffuser
0,vdvae,0.0009011868319283,human_captions,0.8,False,False,deeprecon,AM,test,brain_diffuser
1,cliptext_final,0.2356686417645258,human_captions,0.8,False,False,deeprecon,AM,test,brain_diffuser
2,cliptext_tokens,0.2321829363523685,human_captions,0.8,False,False,deeprecon,AM,test,brain_diffuser
3,clipvision_final,0.2092932074238305,human_captions,0.8,False,False,deeprecon,AM,test,brain_diffuser
4,clipvision_patches,0.0791648288177022,human_captions,0.8,False,False,deeprecon,AM,test,brain_diffuser
0,vdvae,0.0007363701676746,human_captions,0.8,False,False,deeprecon,AM,art,brain_diffuser
1,cliptext_final,0.0576480644279152,human_captions,0.8,False,False,deeprecon,AM,art,brain_diffuser
2,cliptext_tokens,0.0819487312847905,human_captions,0.8,False,False,deeprecon,AM,art,brain_diffuser
3,clipvision_final,0.0520840530226814,human_captions,0.8,False,False,deeprecon,AM,art,brain_diffuser
4,clipvision_patches,0.050445370025219,human_captions,0.8,False,False,deeprecon,AM,art,brain_diffuser
0,vdvae,0.0009011868319283,human_captions_shuffled_single_caption,0.8,False,False,deeprecon,AM,test,brain_diffuser
1,cliptext_final,0.0071507683634852,human_captions_shuffled_single_caption,0.8,False,False,deeprecon,AM,test,brain_diffuser
2,cliptext_tokens,0.0111309173826596,human_captions_shuffled_single_caption,0.8,False,False,deeprecon,AM,test,brain_diffuser
3,clipvision_final,0.2092932074238305,human_captions_shuffled_single_caption,0.8,False,False,deeprecon,AM,test,brain_diffuser
4,clipvision_patches,0.0791648288177022,human_captions_shuffled_single_caption,0.8,False,False,deeprecon,AM,test,brain_diffuser
0,vdvae,0.0007363701676746,human_captions_shuffled_single_caption,0.8,False,False,deeprecon,AM,art,brain_diffuser
1,cliptext_final,0.007804552962357,human_captions_shuffled_single_caption,0.8,False,False,deeprecon,AM,art,brain_diffuser
2,cliptext_tokens,-0.0023201237001998,human_captions_shuffled_single_caption,0.8,False,False,deeprecon,AM,art,brain_diffuser
3,clipvision_final,0.0520840530226814,human_captions_shuffled_single_caption,0.8,False,False,deeprecon,AM,art,brain_diffuser
4,clipvision_patches,0.050445370025219,human_captions_shuffled_single_caption,0.8,False,False,deeprecon,AM,art,brain_diffuser
0,vdvae,0.0009011868319283,low_level_short,0.8,False,False,deeprecon,AM,test,brain_diffuser
1,cliptext_final,0.1573877924937801,low_level_short,0.8,False,False,deeprecon,AM,test,brain_diffuser
2,cliptext_tokens,0.1398749626559583,low_level_short,0.8,False,False,deeprecon,AM,test,brain_diffuser
3,clipvision_final,0.2092932074238305,low_level_short,0.8,False,False,deeprecon,AM,test,brain_diffuser
4,clipvision_patches,0.0791648288177022,low_level_short,0.8,False,False,deeprecon,AM,test,brain_diffuser
0,vdvae,0.0007363701676746,low_level_short,0.8,False,False,deeprecon,AM,art,brain_diffuser
1,cliptext_final,0.0864164619393069,low_level_short,0.8,False,False,deeprecon,AM,art,brain_diffuser
2,cliptext_tokens,0.1058024711667818,low_level_short,0.8,False,False,deeprecon,AM,art,brain_diffuser
3,clipvision_final,0.0520840530226814,low_level_short,0.8,False,False,deeprecon,AM,art,brain_diffuser
4,clipvision_patches,0.050445370025219,low_level_short,0.8,False,False,deeprecon,AM,art,brain_diffuser
0,vdvae,0.0009011868319283,low_level_long,0.8,False,False,deeprecon,AM,test,brain_diffuser
1,cliptext_final,0.1458976673173539,low_level_long,0.8,False,False,deeprecon,AM,test,brain_diffuser
2,cliptext_tokens,0.1082837888075106,low_level_long,0.8,False,False,deeprecon,AM,test,brain_diffuser
3,clipvision_final,0.2092932074238305,low_level_long,0.8,False,False,deeprecon,AM,test,brain_diffuser
4,clipvision_patches,0.0791648288177022,low_level_long,0.8,False,False,deeprecon,AM,test,brain_diffuser
0,vdvae,0.0007363701676746,low_level_long,0.8,False,False,deeprecon,AM,art,brain_diffuser
1,cliptext_final,0.1046151837768146,low_level_long,0.8,False,False,deeprecon,AM,art,brain_diffuser
2,cliptext_tokens,0.1025111822567115,low_level_long,0.8,False,False,deeprecon,AM,art,brain_diffuser
3,clipvision_final,0.0520840530226814,low_level_long,0.8,False,False,deeprecon,AM,art,brain_diffuser
4,clipvision_patches,0.050445370025219,low_level_long,0.8,False,False,deeprecon,AM,art,brain_diffuser
0,vdvae,0.0009011868319283,high_level_short,0.8,False,False,deeprecon,AM,test,brain_diffuser
1,cliptext_final,0.2067763374959802,high_level_short,0.8,False,False,deeprecon,AM,test,brain_diffuser
2,cliptext_tokens,0.1926491245319282,high_level_short,0.8,False,False,deeprecon,AM,test,brain_diffuser
3,clipvision_final,0.2092932074238305,high_level_short,0.8,False,False,deeprecon,AM,test,brain_diffuser
4,clipvision_patches,0.0791648288177022,high_level_short,0.8,False,False,deeprecon,AM,test,brain_diffuser
0,vdvae,0.0007363701676746,high_level_short,0.8,False,False,deeprecon,AM,art,brain_diffuser
1,cliptext_final,0.0490378641576337,high_level_short,0.8,False,False,deeprecon,AM,art,brain_diffuser
2,cliptext_tokens,0.0640943827338827,high_level_short,0.8,False,False,deeprecon,AM,art,brain_diffuser
3,clipvision_final,0.0520840530226814,high_level_short,0.8,False,False,deeprecon,AM,art,brain_diffuser
4,clipvision_patches,0.050445370025219,high_level_short,0.8,False,False,deeprecon,AM,art,brain_diffuser
0,vdvae,0.0009011868319283,high_level_long,0.8,False,False,deeprecon,AM,test,brain_diffuser
1,cliptext_final,0.1868670500917438,high_level_long,0.8,False,False,deeprecon,AM,test,brain_diffuser
2,cliptext_tokens,0.1541329448539226,high_level_long,0.8,False,False,deeprecon,AM,test,brain_diffuser
3,clipvision_final,0.2092932074238305,high_level_long,0.8,False,False,deeprecon,AM,test,brain_diffuser
4,clipvision_patches,0.0791648288177022,high_level_long,0.8,False,False,deeprecon,AM,test,brain_diffuser
0,vdvae,0.0007363701676746,high_level_long,0.8,False,False,deeprecon,AM,art,brain_diffuser
1,cliptext_final,0.0593765148965909,high_level_long,0.8,False,False,deeprecon,AM,art,brain_diffuser
2,cliptext_tokens,0.0702673415003008,high_level_long,0.8,False,False,deeprecon,AM,art,brain_diffuser
3,clipvision_final,0.0520840530226814,high_level_long,0.8,False,False,deeprecon,AM,art,brain_diffuser
4,clipvision_patches,0.050445370025219,high_level_long,0.8,False,False,deeprecon,AM,art,brain_diffuser
0,vdvae,0.0014454535069154,human_captions,0.4,False,False,deeprecon,KS,test,brain_diffuser
1,cliptext_final,0.2558475999446141,human_captions,0.4,False,False,deeprecon,KS,test,brain_diffuser
2,cliptext_tokens,0.2508248704367561,human_captions,0.4,False,False,deeprecon,KS,test,brain_diffuser
3,clipvision_final,0.2196085868280097,human_captions,0.4,False,False,deeprecon,KS,test,brain_diffuser
4,clipvision_patches,0.0854864301989547,human_captions,0.4,False,False,deeprecon,KS,test,brain_diffuser
0,vdvae,0.0010057934084659,human_captions,0.4,False,False,deeprecon,KS,art,brain_diffuser
1,cliptext_final,0.0325587514585267,human_captions,0.4,False,False,deeprecon,KS,art,brain_diffuser
2,cliptext_tokens,0.0512602111160442,human_captions,0.4,False,False,deeprecon,KS,art,brain_diffuser
3,clipvision_final,0.0347333832324695,human_captions,0.4,False,False,deeprecon,KS,art,brain_diffuser
4,clipvision_patches,0.0450588054462712,human_captions,0.4,False,False,deeprecon,KS,art,brain_diffuser
0,vdvae,0.0014454535069154,human_captions_shuffled_single_caption,0.4,False,False,deeprecon,KS,test,brain_diffuser
1,cliptext_final,-0.0083837178126893,human_captions_shuffled_single_caption,0.4,False,False,deeprecon,KS,test,brain_diffuser
2,cliptext_tokens,-0.0044564761941755,human_captions_shuffled_single_caption,0.4,False,False,deeprecon,KS,test,brain_diffuser
3,clipvision_final,0.2196085868280097,human_captions_shuffled_single_caption,0.4,False,False,deeprecon,KS,test,brain_diffuser
4,clipvision_patches,0.0854864301989547,human_captions_shuffled_single_caption,0.4,False,False,deeprecon,KS,test,brain_diffuser
0,vdvae,0.0010057934084659,human_captions_shuffled_single_caption,0.4,False,False,deeprecon,KS,art,brain_diffuser
1,cliptext_final,-0.0165543550746798,human_captions_shuffled_single_caption,0.4,False,False,deeprecon,KS,art,brain_diffuser
2,cliptext_tokens,-0.0143128773141439,human_captions_shuffled_single_caption,0.4,False,False,deeprecon,KS,art,brain_diffuser
3,clipvision_final,0.0347333832324695,human_captions_shuffled_single_caption,0.4,False,False,deeprecon,KS,art,brain_diffuser
4,clipvision_patches,0.0450588054462712,human_captions_shuffled_single_caption,0.4,False,False,deeprecon,KS,art,brain_diffuser
0,vdvae,0.0014454535069154,low_level_short,0.4,False,False,deeprecon,KS,test,brain_diffuser
1,cliptext_final,0.1805021916311921,low_level_short,0.4,False,False,deeprecon,KS,test,brain_diffuser
2,cliptext_tokens,0.1574299519708145,low_level_short,0.4,False,False,deeprecon,KS,test,brain_diffuser
3,clipvision_final,0.2196085868280097,low_level_short,0.4,False,False,deeprecon,KS,test,brain_diffuser
4,clipvision_patches,0.0854864301989547,low_level_short,0.4,False,False,deeprecon,KS,test,brain_diffuser
0,vdvae,0.0010057934084659,low_level_short,0.4,False,False,deeprecon,KS,art,brain_diffuser
1,cliptext_final,0.0478593976132555,low_level_short,0.4,False,False,deeprecon,KS,art,brain_diffuser
2,cliptext_tokens,0.0608649099891593,low_level_short,0.4,False,False,deeprecon,KS,art,brain_diffuser
3,clipvision_final,0.0347333832324695,low_level_short,0.4,False,False,deeprecon,KS,art,brain_diffuser
4,clipvision_patches,0.0450588054462712,low_level_short,0.4,False,False,deeprecon,KS,art,brain_diffuser
0,vdvae,0.0014454535069154,low_level_long,0.4,False,False,deeprecon,KS,test,brain_diffuser
1,cliptext_final,0.1549257346535439,low_level_long,0.4,False,False,deeprecon,KS,test,brain_diffuser
2,cliptext_tokens,0.1135421580709516,low_level_long,0.4,False,False,deeprecon,KS,test,brain_diffuser
3,clipvision_final,0.2196085868280097,low_level_long,0.4,False,False,deeprecon,KS,test,brain_diffuser
4,clipvision_patches,0.0854864301989547,low_level_long,0.4,False,False,deeprecon,KS,test,brain_diffuser
0,vdvae,0.0010057934084659,low_level_long,0.4,False,False,deeprecon,KS,art,brain_diffuser
1,cliptext_final,0.0560632691581574,low_level_long,0.4,False,False,deeprecon,KS,art,brain_diffuser
2,cliptext_tokens,0.0629071920343461,low_level_long,0.4,False,False,deeprecon,KS,art,brain_diffuser
3,clipvision_final,0.0347333832324695,low_level_long,0.4,False,False,deeprecon,KS,art,brain_diffuser
4,clipvision_patches,0.0450588054462712,low_level_long,0.4,False,False,deeprecon,KS,art,brain_diffuser
0,vdvae,0.0014454535069154,high_level_short,0.4,False,False,deeprecon,KS,test,brain_diffuser
1,cliptext_final,0.2303669888450787,high_level_short,0.4,False,False,deeprecon,KS,test,brain_diffuser
2,cliptext_tokens,0.2146856551986191,high_level_short,0.4,False,False,deeprecon,KS,test,brain_diffuser
3,clipvision_final,0.2196085868280097,high_level_short,0.4,False,False,deeprecon,KS,test,brain_diffuser
4,clipvision_patches,0.0854864301989547,high_level_short,0.4,False,False,deeprecon,KS,test,brain_diffuser
0,vdvae,0.0010057934084659,high_level_short,0.4,False,False,deeprecon,KS,art,brain_diffuser
1,cliptext_final,0.0306168486518778,high_level_short,0.4,False,False,deeprecon,KS,art,brain_diffuser
2,cliptext_tokens,0.0405894507320834,high_level_short,0.4,False,False,deeprecon,KS,art,brain_diffuser
3,clipvision_final,0.0347333832324695,high_level_short,0.4,False,False,deeprecon,KS,art,brain_diffuser
4,clipvision_patches,0.0450588054462712,high_level_short,0.4,False,False,deeprecon,KS,art,brain_diffuser
0,vdvae,0.0014454535069154,high_level_long,0.4,False,False,deeprecon,KS,test,brain_diffuser
1,cliptext_final,0.2091382877717031,high_level_long,0.4,False,False,deeprecon,KS,test,brain_diffuser
2,cliptext_tokens,0.1714182674226487,high_level_long,0.4,False,False,deeprecon,KS,test,brain_diffuser
3,clipvision_final,0.2196085868280097,high_level_long,0.4,False,False,deeprecon,KS,test,brain_diffuser
4,clipvision_patches,0.0854864301989547,high_level_long,0.4,False,False,deeprecon,KS,test,brain_diffuser
0,vdvae,0.0010057934084659,high_level_long,0.4,False,False,deeprecon,KS,art,brain_diffuser
1,cliptext_final,0.0310696824812245,high_level_long,0.4,False,False,deeprecon,KS,art,brain_diffuser
2,cliptext_tokens,0.0410974887823559,high_level_long,0.4,False,False,deeprecon,KS,art,brain_diffuser
3,clipvision_final,0.0347333832324695,high_level_long,0.4,False,False,deeprecon,KS,art,brain_diffuser
4,clipvision_patches,0.0450588054462712,high_level_long,0.4,False,False,deeprecon,KS,art,brain_diffuser
0,vdvae,0.0014454535069154,human_captions,0.8,False,False,deeprecon,KS,test,brain_diffuser
1,cliptext_final,0.2558476012616312,human_captions,0.8,False,False,deeprecon,KS,test,brain_diffuser
2,cliptext_tokens,0.2508248721491294,human_captions,0.8,False,False,deeprecon,KS,test,brain_diffuser
3,clipvision_final,0.2196085868280097,human_captions,0.8,False,False,deeprecon,KS,test,brain_diffuser
4,clipvision_patches,0.0854864301989547,human_captions,0.8,False,False,deeprecon,KS,test,brain_diffuser
0,vdvae,0.0010057934084659,human_captions,0.8,False,False,deeprecon,KS,art,brain_diffuser
1,cliptext_final,0.03255875092825,human_captions,0.8,False,False,deeprecon,KS,art,brain_diffuser
2,cliptext_tokens,0.051260208718276,human_captions,0.8,False,False,deeprecon,KS,art,brain_diffuser
3,clipvision_final,0.0347333832324695,human_captions,0.8,False,False,deeprecon,KS,art,brain_diffuser
4,clipvision_patches,0.0450588054462712,human_captions,0.8,False,False,deeprecon,KS,art,brain_diffuser
0,vdvae,0.0014454535069154,human_captions_shuffled_single_caption,0.8,False,False,deeprecon,KS,test,brain_diffuser
1,cliptext_final,-0.0083837197987842,human_captions_shuffled_single_caption,0.8,False,False,deeprecon,KS,test,brain_diffuser
2,cliptext_tokens,-0.0044564841115937,human_captions_shuffled_single_caption,0.8,False,False,deeprecon,KS,test,brain_diffuser
3,clipvision_final,0.2196085868280097,human_captions_shuffled_single_caption,0.8,False,False,deeprecon,KS,test,brain_diffuser
4,clipvision_patches,0.0854864301989547,human_captions_shuffled_single_caption,0.8,False,False,deeprecon,KS,test,brain_diffuser
0,vdvae,0.0010057934084659,human_captions_shuffled_single_caption,0.8,False,False,deeprecon,KS,art,brain_diffuser
1,cliptext_final,-0.0165543482967346,human_captions_shuffled_single_caption,0.8,False,False,deeprecon,KS,art,brain_diffuser
2,cliptext_tokens,-0.0143128743208309,human_captions_shuffled_single_caption,0.8,False,False,deeprecon,KS,art,brain_diffuser
3,clipvision_final,0.0347333832324695,human_captions_shuffled_single_caption,0.8,False,False,deeprecon,KS,art,brain_diffuser
4,clipvision_patches,0.0450588054462712,human_captions_shuffled_single_caption,0.8,False,False,deeprecon,KS,art,brain_diffuser
0,vdvae,0.0014454535069154,low_level_short,0.8,False,False,deeprecon,KS,test,brain_diffuser
1,cliptext_final,0.1805021916311921,low_level_short,0.8,False,False,deeprecon,KS,test,brain_diffuser
2,cliptext_tokens,0.1574299519708145,low_level_short,0.8,False,False,deeprecon,KS,test,brain_diffuser
3,clipvision_final,0.2196085868280097,low_level_short,0.8,False,False,deeprecon,KS,test,brain_diffuser
4,clipvision_patches,0.0854864301989547,low_level_short,0.8,False,False,deeprecon,KS,test,brain_diffuser
0,vdvae,0.0010057934084659,low_level_short,0.8,False,False,deeprecon,KS,art,brain_diffuser
1,cliptext_final,0.0478593976132555,low_level_short,0.8,False,False,deeprecon,KS,art,brain_diffuser
2,cliptext_tokens,0.0608649099891593,low_level_short,0.8,False,False,deeprecon,KS,art,brain_diffuser
3,clipvision_final,0.0347333832324695,low_level_short,0.8,False,False,deeprecon,KS,art,brain_diffuser
4,clipvision_patches,0.0450588054462712,low_level_short,0.8,False,False,deeprecon,KS,art,brain_diffuser
0,vdvae,0.0014454535069154,low_level_long,0.8,False,False,deeprecon,KS,test,brain_diffuser
1,cliptext_final,0.1549257346535439,low_level_long,0.8,False,False,deeprecon,KS,test,brain_diffuser
2,cliptext_tokens,0.1135421580709516,low_level_long,0.8,False,False,deeprecon,KS,test,brain_diffuser
3,clipvision_final,0.2196085868280097,low_level_long,0.8,False,False,deeprecon,KS,test,brain_diffuser
4,clipvision_patches,0.0854864301989547,low_level_long,0.8,False,False,deeprecon,KS,test,brain_diffuser
0,vdvae,0.0010057934084659,low_level_long,0.8,False,False,deeprecon,KS,art,brain_diffuser
1,cliptext_final,0.0560632691581574,low_level_long,0.8,False,False,deeprecon,KS,art,brain_diffuser
2,cliptext_tokens,0.0629071920343461,low_level_long,0.8,False,False,deeprecon,KS,art,brain_diffuser
3,clipvision_final,0.0347333832324695,low_level_long,0.8,False,False,deeprecon,KS,art,brain_diffuser
4,clipvision_patches,0.0450588054462712,low_level_long,0.8,False,False,deeprecon,KS,art,brain_diffuser
0,vdvae,0.0014454535069154,high_level_short,0.8,False,False,deeprecon,KS,test,brain_diffuser
1,cliptext_final,0.2303669888450787,high_level_short,0.8,False,False,deeprecon,KS,test,brain_diffuser
2,cliptext_tokens,0.2146856551986191,high_level_short,0.8,False,False,deeprecon,KS,test,brain_diffuser
3,clipvision_final,0.2196085868280097,high_level_short,0.8,False,False,deeprecon,KS,test,brain_diffuser
4,clipvision_patches,0.0854864301989547,high_level_short,0.8,False,False,deeprecon,KS,test,brain_diffuser
0,vdvae,0.0010057934084659,high_level_short,0.8,False,False,deeprecon,KS,art,brain_diffuser
1,cliptext_final,0.0306168486518778,high_level_short,0.8,False,False,deeprecon,KS,art,brain_diffuser
2,cliptext_tokens,0.0405894507320834,high_level_short,0.8,False,False,deeprecon,KS,art,brain_diffuser
3,clipvision_final,0.0347333832324695,high_level_short,0.8,False,False,deeprecon,KS,art,brain_diffuser
4,clipvision_patches,0.0450588054462712,high_level_short,0.8,False,False,deeprecon,KS,art,brain_diffuser
0,vdvae,0.0014454535069154,high_level_long,0.8,False,False,deeprecon,KS,test,brain_diffuser
1,cliptext_final,0.2091382877717031,high_level_long,0.8,False,False,deeprecon,KS,test,brain_diffuser
2,cliptext_tokens,0.1714182674226487,high_level_long,0.8,False,False,deeprecon,KS,test,brain_diffuser
3,clipvision_final,0.2196085868280097,high_level_long,0.8,False,False,deeprecon,KS,test,brain_diffuser
4,clipvision_patches,0.0854864301989547,high_level_long,0.8,False,False,deeprecon,KS,test,brain_diffuser
0,vdvae,0.0010057934084659,high_level_long,0.8,False,False,deeprecon,KS,art,brain_diffuser
1,cliptext_final,0.0310696824812245,high_level_long,0.8,False,False,deeprecon,KS,art,brain_diffuser
2,cliptext_tokens,0.0410974887823559,high_level_long,0.8,False,False,deeprecon,KS,art,brain_diffuser
3,clipvision_final,0.0347333832324695,high_level_long,0.8,False,False,deeprecon,KS,art,brain_diffuser
4,clipvision_patches,0.0450588054462712,high_level_long,0.8,False,False,deeprecon,KS,art,brain_diffuser
0,vdvae,0.0008130674636661,human_captions,0.4,False,False,deeprecon,ES,test,brain_diffuser
1,cliptext_final,0.2780724702625693,human_captions,0.4,False,False,deeprecon,ES,test,brain_diffuser
2,cliptext_tokens,0.2704127580827369,human_captions,0.4,False,False,deeprecon,ES,test,brain_diffuser
3,clipvision_final,0.2398393072050076,human_captions,0.4,False,False,deeprecon,ES,test,brain_diffuser
4,clipvision_patches,0.0932072247677595,human_captions,0.4,False,False,deeprecon,ES,test,brain_diffuser
0,vdvae,0.0004734029439754,human_captions,0.4,False,False,deeprecon,ES,art,brain_diffuser
1,cliptext_final,0.0478186636508446,human_captions,0.4,False,False,deeprecon,ES,art,brain_diffuser
2,cliptext_tokens,0.0589016082365247,human_captions,0.4,False,False,deeprecon,ES,art,brain_diffuser
3,clipvision_final,0.0253209730737066,human_captions,0.4,False,False,deeprecon,ES,art,brain_diffuser
4,clipvision_patches,0.0427280975040695,human_captions,0.4,False,False,deeprecon,ES,art,brain_diffuser
0,vdvae,0.0008130674636661,human_captions_shuffled_single_caption,0.4,False,False,deeprecon,ES,test,brain_diffuser
1,cliptext_final,-0.0061076889030178,human_captions_shuffled_single_caption,0.4,False,False,deeprecon,ES,test,brain_diffuser
2,cliptext_tokens,-0.004042276289264,human_captions_shuffled_single_caption,0.4,False,False,deeprecon,ES,test,brain_diffuser
3,clipvision_final,0.2398393072050076,human_captions_shuffled_single_caption,0.4,False,False,deeprecon,ES,test,brain_diffuser
4,clipvision_patches,0.0932072247677595,human_captions_shuffled_single_caption,0.4,False,False,deeprecon,ES,test,brain_diffuser
0,vdvae,0.0004734029439754,human_captions_shuffled_single_caption,0.4,False,False,deeprecon,ES,art,brain_diffuser
1,cliptext_final,0.0027666555463715,human_captions_shuffled_single_caption,0.4,False,False,deeprecon,ES,art,brain_diffuser
2,cliptext_tokens,-0.0020035798200027,human_captions_shuffled_single_caption,0.4,False,False,deeprecon,ES,art,brain_diffuser
3,clipvision_final,0.0253209730737066,human_captions_shuffled_single_caption,0.4,False,False,deeprecon,ES,art,brain_diffuser
4,clipvision_patches,0.0427280975040695,human_captions_shuffled_single_caption,0.4,False,False,deeprecon,ES,art,brain_diffuser
0,vdvae,0.0008130674636661,low_level_short,0.4,False,False,deeprecon,ES,test,brain_diffuser
1,cliptext_final,0.1770255583195918,low_level_short,0.4,False,False,deeprecon,ES,test,brain_diffuser
2,cliptext_tokens,0.1533513394314592,low_level_short,0.4,False,False,deeprecon,ES,test,brain_diffuser
3,clipvision_final,0.2398393072050076,low_level_short,0.4,False,False,deeprecon,ES,test,brain_diffuser
4,clipvision_patches,0.0932072247677595,low_level_short,0.4,False,False,deeprecon,ES,test,brain_diffuser
0,vdvae,0.0004734029439754,low_level_short,0.4,False,False,deeprecon,ES,art,brain_diffuser
1,cliptext_final,0.0711273294934316,low_level_short,0.4,False,False,deeprecon,ES,art,brain_diffuser
2,cliptext_tokens,0.079004843222029,low_level_short,0.4,False,False,deeprecon,ES,art,brain_diffuser
3,clipvision_final,0.0253209730737066,low_level_short,0.4,False,False,deeprecon,ES,art,brain_diffuser
4,clipvision_patches,0.0427280975040695,low_level_short,0.4,False,False,deeprecon,ES,art,brain_diffuser
0,vdvae,0.0008130674636661,low_level_long,0.4,False,False,deeprecon,ES,test,brain_diffuser
1,cliptext_final,0.1574476127967528,low_level_long,0.4,False,False,deeprecon,ES,test,brain_diffuser
2,cliptext_tokens,0.1141794257660563,low_level_long,0.4,False,False,deeprecon,ES,test,brain_diffuser
3,clipvision_final,0.2398393072050076,low_level_long,0.4,False,False,deeprecon,ES,test,brain_diffuser
4,clipvision_patches,0.0932072247677595,low_level_long,0.4,False,False,deeprecon,ES,test,brain_diffuser
0,vdvae,0.0004734029439754,low_level_long,0.4,False,False,deeprecon,ES,art,brain_diffuser
1,cliptext_final,0.0764612308214662,low_level_long,0.4,False,False,deeprecon,ES,art,brain_diffuser
2,cliptext_tokens,0.0701991540058244,low_level_long,0.4,False,False,deeprecon,ES,art,brain_diffuser
3,clipvision_final,0.0253209730737066,low_level_long,0.4,False,False,deeprecon,ES,art,brain_diffuser
4,clipvision_patches,0.0427280975040695,low_level_long,0.4,False,False,deeprecon,ES,art,brain_diffuser
0,vdvae,0.0008130674636661,high_level_short,0.4,False,False,deeprecon,ES,test,brain_diffuser
1,cliptext_final,0.2455972326965569,high_level_short,0.4,False,False,deeprecon,ES,test,brain_diffuser
2,cliptext_tokens,0.2281555173375096,high_level_short,0.4,False,False,deeprecon,ES,test,brain_diffuser
3,clipvision_final,0.2398393072050076,high_level_short,0.4,False,False,deeprecon,ES,test,brain_diffuser
4,clipvision_patches,0.0932072247677595,high_level_short,0.4,False,False,deeprecon,ES,test,brain_diffuser
0,vdvae,0.0004734029439754,high_level_short,0.4,False,False,deeprecon,ES,art,brain_diffuser
1,cliptext_final,0.0349618619486806,high_level_short,0.4,False,False,deeprecon,ES,art,brain_diffuser
2,cliptext_tokens,0.0429652051492707,high_level_short,0.4,False,False,deeprecon,ES,art,brain_diffuser
3,clipvision_final,0.0253209730737066,high_level_short,0.4,False,False,deeprecon,ES,art,brain_diffuser
4,clipvision_patches,0.0427280975040695,high_level_short,0.4,False,False,deeprecon,ES,art,brain_diffuser
0,vdvae,0.0008130674636661,high_level_long,0.4,False,False,deeprecon,ES,test,brain_diffuser
1,cliptext_final,0.2214808265574776,high_level_long,0.4,False,False,deeprecon,ES,test,brain_diffuser
2,cliptext_tokens,0.1822161604593603,high_level_long,0.4,False,False,deeprecon,ES,test,brain_diffuser
3,clipvision_final,0.2398393072050076,high_level_long,0.4,False,False,deeprecon,ES,test,brain_diffuser
4,clipvision_patches,0.0932072247677595,high_level_long,0.4,False,False,deeprecon,ES,test,brain_diffuser
0,vdvae,0.0004734029439754,high_level_long,0.4,False,False,deeprecon,ES,art,brain_diffuser
1,cliptext_final,0.0441363239146061,high_level_long,0.4,False,False,deeprecon,ES,art,brain_diffuser
2,cliptext_tokens,0.0466354862811148,high_level_long,0.4,False,False,deeprecon,ES,art,brain_diffuser
3,clipvision_final,0.0253209730737066,high_level_long,0.4,False,False,deeprecon,ES,art,brain_diffuser
4,clipvision_patches,0.0427280975040695,high_level_long,0.4,False,False,deeprecon,ES,art,brain_diffuser
0,vdvae,0.0008130674636661,human_captions,0.8,False,False,deeprecon,ES,test,brain_diffuser
1,cliptext_final,0.2780724714847875,human_captions,0.8,False,False,deeprecon,ES,test,brain_diffuser
2,cliptext_tokens,0.270412758397955,human_captions,0.8,False,False,deeprecon,ES,test,brain_diffuser
3,clipvision_final,0.2398393072050076,human_captions,0.8,False,False,deeprecon,ES,test,brain_diffuser
4,clipvision_patches,0.0932072247677595,human_captions,0.8,False,False,deeprecon,ES,test,brain_diffuser
0,vdvae,0.0004734029439754,human_captions,0.8,False,False,deeprecon,ES,art,brain_diffuser
1,cliptext_final,0.0478186523217342,human_captions,0.8,False,False,deeprecon,ES,art,brain_diffuser
2,cliptext_tokens,0.0589016005025498,human_captions,0.8,False,False,deeprecon,ES,art,brain_diffuser
3,clipvision_final,0.0253209730737066,human_captions,0.8,False,False,deeprecon,ES,art,brain_diffuser
4,clipvision_patches,0.0427280975040695,human_captions,0.8,False,False,deeprecon,ES,art,brain_diffuser
0,vdvae,0.0008130674636661,human_captions_shuffled_single_caption,0.8,False,False,deeprecon,ES,test,brain_diffuser
1,cliptext_final,-0.0061076873729326,human_captions_shuffled_single_caption,0.8,False,False,deeprecon,ES,test,brain_diffuser
2,cliptext_tokens,-0.0040422746034523,human_captions_shuffled_single_caption,0.8,False,False,deeprecon,ES,test,brain_diffuser
3,clipvision_final,0.2398393072050076,human_captions_shuffled_single_caption,0.8,False,False,deeprecon,ES,test,brain_diffuser
4,clipvision_patches,0.0932072247677595,human_captions_shuffled_single_caption,0.8,False,False,deeprecon,ES,test,brain_diffuser
0,vdvae,0.0004734029439754,human_captions_shuffled_single_caption,0.8,False,False,deeprecon,ES,art,brain_diffuser
1,cliptext_final,0.0027666425640508,human_captions_shuffled_single_caption,0.8,False,False,deeprecon,ES,art,brain_diffuser
2,cliptext_tokens,-0.0020035910516403,human_captions_shuffled_single_caption,0.8,False,False,deeprecon,ES,art,brain_diffuser
3,clipvision_final,0.0253209730737066,human_captions_shuffled_single_caption,0.8,False,False,deeprecon,ES,art,brain_diffuser
4,clipvision_patches,0.0427280975040695,human_captions_shuffled_single_caption,0.8,False,False,deeprecon,ES,art,brain_diffuser
0,vdvae,0.0008130674636661,low_level_short,0.8,False,False,deeprecon,ES,test,brain_diffuser
1,cliptext_final,0.1770255583195918,low_level_short,0.8,False,False,deeprecon,ES,test,brain_diffuser
2,cliptext_tokens,0.1533513394314592,low_level_short,0.8,False,False,deeprecon,ES,test,brain_diffuser
3,clipvision_final,0.2398393072050076,low_level_short,0.8,False,False,deeprecon,ES,test,brain_diffuser
4,clipvision_patches,0.0932072247677595,low_level_short,0.8,False,False,deeprecon,ES,test,brain_diffuser
0,vdvae,0.0004734029439754,low_level_short,0.8,False,False,deeprecon,ES,art,brain_diffuser
1,cliptext_final,0.0711273294934316,low_level_short,0.8,False,False,deeprecon,ES,art,brain_diffuser
2,cliptext_tokens,0.079004843222029,low_level_short,0.8,False,False,deeprecon,ES,art,brain_diffuser
3,clipvision_final,0.0253209730737066,low_level_short,0.8,False,False,deeprecon,ES,art,brain_diffuser
4,clipvision_patches,0.0427280975040695,low_level_short,0.8,False,False,deeprecon,ES,art,brain_diffuser
0,vdvae,0.0008130674636661,low_level_long,0.8,False,False,deeprecon,ES,test,brain_diffuser
1,cliptext_final,0.1574476127967528,low_level_long,0.8,False,False,deeprecon,ES,test,brain_diffuser
2,cliptext_tokens,0.1141794257660563,low_level_long,0.8,False,False,deeprecon,ES,test,brain_diffuser
3,clipvision_final,0.2398393072050076,low_level_long,0.8,False,False,deeprecon,ES,test,brain_diffuser
4,clipvision_patches,0.0932072247677595,low_level_long,0.8,False,False,deeprecon,ES,test,brain_diffuser
0,vdvae,0.0004734029439754,low_level_long,0.8,False,False,deeprecon,ES,art,brain_diffuser
1,cliptext_final,0.0764612308214662,low_level_long,0.8,False,False,deeprecon,ES,art,brain_diffuser
2,cliptext_tokens,0.0701991540058244,low_level_long,0.8,False,False,deeprecon,ES,art,brain_diffuser
3,clipvision_final,0.0253209730737066,low_level_long,0.8,False,False,deeprecon,ES,art,brain_diffuser
4,clipvision_patches,0.0427280975040695,low_level_long,0.8,False,False,deeprecon,ES,art,brain_diffuser
0,vdvae,0.0008130674636661,high_level_short,0.8,False,False,deeprecon,ES,test,brain_diffuser
1,cliptext_final,0.2455972326965569,high_level_short,0.8,False,False,deeprecon,ES,test,brain_diffuser
2,cliptext_tokens,0.2281555173375096,high_level_short,0.8,False,False,deeprecon,ES,test,brain_diffuser
3,clipvision_final,0.2398393072050076,high_level_short,0.8,False,False,deeprecon,ES,test,brain_diffuser
4,clipvision_patches,0.0932072247677595,high_level_short,0.8,False,False,deeprecon,ES,test,brain_diffuser
0,vdvae,0.0004734029439754,high_level_short,0.8,False,False,deeprecon,ES,art,brain_diffuser
1,cliptext_final,0.0349618619486806,high_level_short,0.8,False,False,deeprecon,ES,art,brain_diffuser
2,cliptext_tokens,0.0429652051492707,high_level_short,0.8,False,False,deeprecon,ES,art,brain_diffuser
3,clipvision_final,0.0253209730737066,high_level_short,0.8,False,False,deeprecon,ES,art,brain_diffuser
4,clipvision_patches,0.0427280975040695,high_level_short,0.8,False,False,deeprecon,ES,art,brain_diffuser
0,vdvae,0.0008130674636661,high_level_long,0.8,False,False,deeprecon,ES,test,brain_diffuser
1,cliptext_final,0.2214808265574776,high_level_long,0.8,False,False,deeprecon,ES,test,brain_diffuser
2,cliptext_tokens,0.1822161604593603,high_level_long,0.8,False,False,deeprecon,ES,test,brain_diffuser
3,clipvision_final,0.2398393072050076,high_level_long,0.8,False,False,deeprecon,ES,test,brain_diffuser
4,clipvision_patches,0.0932072247677595,high_level_long,0.8,False,False,deeprecon,ES,test,brain_diffuser
0,vdvae,0.0004734029439754,high_level_long,0.8,False,False,deeprecon,ES,art,brain_diffuser
1,cliptext_final,0.0441363239146061,high_level_long,0.8,False,False,deeprecon,ES,art,brain_diffuser
2,cliptext_tokens,0.0466354862811148,high_level_long,0.8,False,False,deeprecon,ES,art,brain_diffuser
3,clipvision_final,0.0253209730737066,high_level_long,0.8,False,False,deeprecon,ES,art,brain_diffuser
4,clipvision_patches,0.0427280975040695,high_level_long,0.8,False,False,deeprecon,ES,art,brain_diffuser
0,vdvae,0.0008293445328541,human_captions,0.4,False,False,deeprecon,JK,test,brain_diffuser
1,cliptext_final,0.262532762329176,human_captions,0.4,False,False,deeprecon,JK,test,brain_diffuser
2,cliptext_tokens,0.2569457019431034,human_captions,0.4,False,False,deeprecon,JK,test,brain_diffuser
3,clipvision_final,0.2164704120609432,human_captions,0.4,False,False,deeprecon,JK,test,brain_diffuser
4,clipvision_patches,0.0857074531092917,human_captions,0.4,False,False,deeprecon,JK,test,brain_diffuser
0,vdvae,0.0002244844750728,human_captions,0.4,False,False,deeprecon,JK,art,brain_diffuser
1,cliptext_final,0.0259074896048164,human_captions,0.4,False,False,deeprecon,JK,art,brain_diffuser
2,cliptext_tokens,0.037404072037465,human_captions,0.4,False,False,deeprecon,JK,art,brain_diffuser
3,clipvision_final,0.0206615461186872,human_captions,0.4,False,False,deeprecon,JK,art,brain_diffuser
4,clipvision_patches,0.0494550097968886,human_captions,0.4,False,False,deeprecon,JK,art,brain_diffuser
0,vdvae,0.0008293445328541,human_captions_shuffled_single_caption,0.4,False,False,deeprecon,JK,test,brain_diffuser
1,cliptext_final,-0.0007520495735024,human_captions_shuffled_single_caption,0.4,False,False,deeprecon,JK,test,brain_diffuser
2,cliptext_tokens,0.004615630677755,human_captions_shuffled_single_caption,0.4,False,False,deeprecon,JK,test,brain_diffuser
3,clipvision_final,0.2164704120609432,human_captions_shuffled_single_caption,0.4,False,False,deeprecon,JK,test,brain_diffuser
4,clipvision_patches,0.0857074531092917,human_captions_shuffled_single_caption,0.4,False,False,deeprecon,JK,test,brain_diffuser
0,vdvae,0.0002244844750728,human_captions_shuffled_single_caption,0.4,False,False,deeprecon,JK,art,brain_diffuser
1,cliptext_final,0.0193656746090138,human_captions_shuffled_single_caption,0.4,False,False,deeprecon,JK,art,brain_diffuser
2,cliptext_tokens,0.0151328858968824,human_captions_shuffled_single_caption,0.4,False,False,deeprecon,JK,art,brain_diffuser
3,clipvision_final,0.0206615461186872,human_captions_shuffled_single_caption,0.4,False,False,deeprecon,JK,art,brain_diffuser
4,clipvision_patches,0.0494550097968886,human_captions_shuffled_single_caption,0.4,False,False,deeprecon,JK,art,brain_diffuser
0,vdvae,0.0008293445328541,low_level_short,0.4,False,False,deeprecon,JK,test,brain_diffuser
1,cliptext_final,0.1815544894059771,low_level_short,0.4,False,False,deeprecon,JK,test,brain_diffuser
2,cliptext_tokens,0.1560459269003518,low_level_short,0.4,False,False,deeprecon,JK,test,brain_diffuser
3,clipvision_final,0.2164704120609432,low_level_short,0.4,False,False,deeprecon,JK,test,brain_diffuser
4,clipvision_patches,0.0857074531092917,low_level_short,0.4,False,False,deeprecon,JK,test,brain_diffuser
0,vdvae,0.0002244844750728,low_level_short,0.4,False,False,deeprecon,JK,art,brain_diffuser
1,cliptext_final,0.0594503795176074,low_level_short,0.4,False,False,deeprecon,JK,art,brain_diffuser
2,cliptext_tokens,0.064888264371851,low_level_short,0.4,False,False,deeprecon,JK,art,brain_diffuser
3,clipvision_final,0.0206615461186872,low_level_short,0.4,False,False,deeprecon,JK,art,brain_diffuser
4,clipvision_patches,0.0494550097968886,low_level_short,0.4,False,False,deeprecon,JK,art,brain_diffuser
0,vdvae,0.0008293445328541,low_level_long,0.4,False,False,deeprecon,JK,test,brain_diffuser
1,cliptext_final,0.1520245066929109,low_level_long,0.4,False,False,deeprecon,JK,test,brain_diffuser
2,cliptext_tokens,0.1082842223452866,low_level_long,0.4,False,False,deeprecon,JK,test,brain_diffuser
3,clipvision_final,0.2164704120609432,low_level_long,0.4,False,False,deeprecon,JK,test,brain_diffuser
4,clipvision_patches,0.0857074531092917,low_level_long,0.4,False,False,deeprecon,JK,test,brain_diffuser
0,vdvae,0.0002244844750728,low_level_long,0.4,False,False,deeprecon,JK,art,brain_diffuser
1,cliptext_final,0.0755600124651776,low_level_long,0.4,False,False,deeprecon,JK,art,brain_diffuser
2,cliptext_tokens,0.0669901485021433,low_level_long,0.4,False,False,deeprecon,JK,art,brain_diffuser
3,clipvision_final,0.0206615461186872,low_level_long,0.4,False,False,deeprecon,JK,art,brain_diffuser
4,clipvision_patches,0.0494550097968886,low_level_long,0.4,False,False,deeprecon,JK,art,brain_diffuser
0,vdvae,0.0008293445328541,high_level_short,0.4,False,False,deeprecon,JK,test,brain_diffuser
1,cliptext_final,0.2301934925828541,high_level_short,0.4,False,False,deeprecon,JK,test,brain_diffuser
2,cliptext_tokens,0.2137623627216398,high_level_short,0.4,False,False,deeprecon,JK,test,brain_diffuser
3,clipvision_final,0.2164704120609432,high_level_short,0.4,False,False,deeprecon,JK,test,brain_diffuser
4,clipvision_patches,0.0857074531092917,high_level_short,0.4,False,False,deeprecon,JK,test,brain_diffuser
0,vdvae,0.0002244844750728,high_level_short,0.4,False,False,deeprecon,JK,art,brain_diffuser
1,cliptext_final,0.019211696118104,high_level_short,0.4,False,False,deeprecon,JK,art,brain_diffuser
2,cliptext_tokens,0.0271740938099078,high_level_short,0.4,False,False,deeprecon,JK,art,brain_diffuser
3,clipvision_final,0.0206615461186872,high_level_short,0.4,False,False,deeprecon,JK,art,brain_diffuser
4,clipvision_patches,0.0494550097968886,high_level_short,0.4,False,False,deeprecon,JK,art,brain_diffuser
0,vdvae,0.0008293445328541,high_level_long,0.4,False,False,deeprecon,JK,test,brain_diffuser
1,cliptext_final,0.212004649534471,high_level_long,0.4,False,False,deeprecon,JK,test,brain_diffuser
2,cliptext_tokens,0.1715315288848207,high_level_long,0.4,False,False,deeprecon,JK,test,brain_diffuser
3,clipvision_final,0.2164704120609432,high_level_long,0.4,False,False,deeprecon,JK,test,brain_diffuser
4,clipvision_patches,0.0857074531092917,high_level_long,0.4,False,False,deeprecon,JK,test,brain_diffuser
0,vdvae,0.0002244844750728,high_level_long,0.4,False,False,deeprecon,JK,art,brain_diffuser
1,cliptext_final,0.0278837920524698,high_level_long,0.4,False,False,deeprecon,JK,art,brain_diffuser
2,cliptext_tokens,0.032504666902145,high_level_long,0.4,False,False,deeprecon,JK,art,brain_diffuser
3,clipvision_final,0.0206615461186872,high_level_long,0.4,False,False,deeprecon,JK,art,brain_diffuser
4,clipvision_patches,0.0494550097968886,high_level_long,0.4,False,False,deeprecon,JK,art,brain_diffuser
0,vdvae,0.0008293445328541,human_captions,0.8,False,False,deeprecon,JK,test,brain_diffuser
1,cliptext_final,0.2625327665162527,human_captions,0.8,False,False,deeprecon,JK,test,brain_diffuser
2,cliptext_tokens,0.2569457062446137,human_captions,0.8,False,False,deeprecon,JK,test,brain_diffuser
3,clipvision_final,0.2164704120609432,human_captions,0.8,False,False,deeprecon,JK,test,brain_diffuser
4,clipvision_patches,0.0857074531092917,human_captions,0.8,False,False,deeprecon,JK,test,brain_diffuser
0,vdvae,0.0002244844750728,human_captions,0.8,False,False,deeprecon,JK,art,brain_diffuser
1,cliptext_final,0.025907488543502,human_captions,0.8,False,False,deeprecon,JK,art,brain_diffuser
2,cliptext_tokens,0.0374040688102292,human_captions,0.8,False,False,deeprecon,JK,art,brain_diffuser
3,clipvision_final,0.0206615461186872,human_captions,0.8,False,False,deeprecon,JK,art,brain_diffuser
4,clipvision_patches,0.0494550097968886,human_captions,0.8,False,False,deeprecon,JK,art,brain_diffuser
0,vdvae,0.0008293445328541,human_captions_shuffled_single_caption,0.8,False,False,deeprecon,JK,test,brain_diffuser
1,cliptext_final,-0.0007520523212958,human_captions_shuffled_single_caption,0.8,False,False,deeprecon,JK,test,brain_diffuser
2,cliptext_tokens,0.0046156288042245,human_captions_shuffled_single_caption,0.8,False,False,deeprecon,JK,test,brain_diffuser
3,clipvision_final,0.2164704120609432,human_captions_shuffled_single_caption,0.8,False,False,deeprecon,JK,test,brain_diffuser
4,clipvision_patches,0.0857074531092917,human_captions_shuffled_single_caption,0.8,False,False,deeprecon,JK,test,brain_diffuser
0,vdvae,0.0002244844750728,human_captions_shuffled_single_caption,0.8,False,False,deeprecon,JK,art,brain_diffuser
1,cliptext_final,0.0193656463890789,human_captions_shuffled_single_caption,0.8,False,False,deeprecon,JK,art,brain_diffuser
2,cliptext_tokens,0.0151328715627342,human_captions_shuffled_single_caption,0.8,False,False,deeprecon,JK,art,brain_diffuser
3,clipvision_final,0.0206615461186872,human_captions_shuffled_single_caption,0.8,False,False,deeprecon,JK,art,brain_diffuser
4,clipvision_patches,0.0494550097968886,human_captions_shuffled_single_caption,0.8,False,False,deeprecon,JK,art,brain_diffuser
0,vdvae,0.0008293445328541,low_level_short,0.8,False,False,deeprecon,JK,test,brain_diffuser
1,cliptext_final,0.1815544894059771,low_level_short,0.8,False,False,deeprecon,JK,test,brain_diffuser
2,cliptext_tokens,0.1560459269003518,low_level_short,0.8,False,False,deeprecon,JK,test,brain_diffuser
3,clipvision_final,0.2164704120609432,low_level_short,0.8,False,False,deeprecon,JK,test,brain_diffuser
4,clipvision_patches,0.0857074531092917,low_level_short,0.8,False,False,deeprecon,JK,test,brain_diffuser
0,vdvae,0.0002244844750728,low_level_short,0.8,False,False,deeprecon,JK,art,brain_diffuser
1,cliptext_final,0.0594503795176074,low_level_short,0.8,False,False,deeprecon,JK,art,brain_diffuser
2,cliptext_tokens,0.064888264371851,low_level_short,0.8,False,False,deeprecon,JK,art,brain_diffuser
3,clipvision_final,0.0206615461186872,low_level_short,0.8,False,False,deeprecon,JK,art,brain_diffuser
4,clipvision_patches,0.0494550097968886,low_level_short,0.8,False,False,deeprecon,JK,art,brain_diffuser
0,vdvae,0.0008293445328541,low_level_long,0.8,False,False,deeprecon,JK,test,brain_diffuser
1,cliptext_final,0.1520245066929109,low_level_long,0.8,False,False,deeprecon,JK,test,brain_diffuser
2,cliptext_tokens,0.1082842223452866,low_level_long,0.8,False,False,deeprecon,JK,test,brain_diffuser
3,clipvision_final,0.2164704120609432,low_level_long,0.8,False,False,deeprecon,JK,test,brain_diffuser
4,clipvision_patches,0.0857074531092917,low_level_long,0.8,False,False,deeprecon,JK,test,brain_diffuser
0,vdvae,0.0002244844750728,low_level_long,0.8,False,False,deeprecon,JK,art,brain_diffuser
1,cliptext_final,0.0755600124651776,low_level_long,0.8,False,False,deeprecon,JK,art,brain_diffuser
2,cliptext_tokens,0.0669901485021433,low_level_long,0.8,False,False,deeprecon,JK,art,brain_diffuser
3,clipvision_final,0.0206615461186872,low_level_long,0.8,False,False,deeprecon,JK,art,brain_diffuser
4,clipvision_patches,0.0494550097968886,low_level_long,0.8,False,False,deeprecon,JK,art,brain_diffuser
0,vdvae,0.0008293445328541,high_level_short,0.8,False,False,deeprecon,JK,test,brain_diffuser
1,cliptext_final,0.2301934925828541,high_level_short,0.8,False,False,deeprecon,JK,test,brain_diffuser
2,cliptext_tokens,0.2137623627216398,high_level_short,0.8,False,False,deeprecon,JK,test,brain_diffuser
3,clipvision_final,0.2164704120609432,high_level_short,0.8,False,False,deeprecon,JK,test,brain_diffuser
4,clipvision_patches,0.0857074531092917,high_level_short,0.8,False,False,deeprecon,JK,test,brain_diffuser
0,vdvae,0.0002244844750728,high_level_short,0.8,False,False,deeprecon,JK,art,brain_diffuser
1,cliptext_final,0.019211696118104,high_level_short,0.8,False,False,deeprecon,JK,art,brain_diffuser
2,cliptext_tokens,0.0271740938099078,high_level_short,0.8,False,False,deeprecon,JK,art,brain_diffuser
3,clipvision_final,0.0206615461186872,high_level_short,0.8,False,False,deeprecon,JK,art,brain_diffuser
4,clipvision_patches,0.0494550097968886,high_level_short,0.8,False,False,deeprecon,JK,art,brain_diffuser
0,vdvae,0.0008293445328541,high_level_long,0.8,False,False,deeprecon,JK,test,brain_diffuser
1,cliptext_final,0.212004649534471,high_level_long,0.8,False,False,deeprecon,JK,test,brain_diffuser
2,cliptext_tokens,0.1715315288848207,high_level_long,0.8,False,False,deeprecon,JK,test,brain_diffuser
3,clipvision_final,0.2164704120609432,high_level_long,0.8,False,False,deeprecon,JK,test,brain_diffuser
4,clipvision_patches,0.0857074531092917,high_level_long,0.8,False,False,deeprecon,JK,test,brain_diffuser
0,vdvae,0.0002244844750728,high_level_long,0.8,False,False,deeprecon,JK,art,brain_diffuser
1,cliptext_final,0.0278837920524698,high_level_long,0.8,False,False,deeprecon,JK,art,brain_diffuser
2,cliptext_tokens,0.032504666902145,high_level_long,0.8,False,False,deeprecon,JK,art,brain_diffuser
3,clipvision_final,0.0206615461186872,high_level_long,0.8,False,False,deeprecon,JK,art,brain_diffuser
4,clipvision_patches,0.0494550097968886,high_level_long,0.8,False,False,deeprecon,JK,art,brain_diffuser
0,vdvae,9.839283013344923e-05,human_captions,0.4,False,False,deeprecon,JP,test,brain_diffuser
1,cliptext_final,0.2370350542162747,human_captions,0.4,False,False,deeprecon,JP,test,brain_diffuser
2,cliptext_tokens,0.2275543194440833,human_captions,0.4,False,False,deeprecon,JP,test,brain_diffuser
3,clipvision_final,0.1902324264451628,human_captions,0.4,False,False,deeprecon,JP,test,brain_diffuser
4,clipvision_patches,0.0735170258525837,human_captions,0.4,False,False,deeprecon,JP,test,brain_diffuser
0,vdvae,0.0017159621957595,human_captions,0.4,False,False,deeprecon,JP,art,brain_diffuser
1,cliptext_final,0.0170835409819004,human_captions,0.4,False,False,deeprecon,JP,art,brain_diffuser
2,cliptext_tokens,0.0362943096340554,human_captions,0.4,False,False,deeprecon,JP,art,brain_diffuser
3,clipvision_final,0.0228686259654931,human_captions,0.4,False,False,deeprecon,JP,art,brain_diffuser
4,clipvision_patches,0.0417986190270575,human_captions,0.4,False,False,deeprecon,JP,art,brain_diffuser
0,vdvae,9.839283013344923e-05,human_captions_shuffled_single_caption,0.4,False,False,deeprecon,JP,test,brain_diffuser
1,cliptext_final,-0.0105001379689028,human_captions_shuffled_single_caption,0.4,False,False,deeprecon,JP,test,brain_diffuser
2,cliptext_tokens,-0.0087170370386959,human_captions_shuffled_single_caption,0.4,False,False,deeprecon,JP,test,brain_diffuser
3,clipvision_final,0.1902324264451628,human_captions_shuffled_single_caption,0.4,False,False,deeprecon,JP,test,brain_diffuser
4,clipvision_patches,0.0735170258525837,human_captions_shuffled_single_caption,0.4,False,False,deeprecon,JP,test,brain_diffuser
0,vdvae,0.0017159621957595,human_captions_shuffled_single_caption,0.4,False,False,deeprecon,JP,art,brain_diffuser
1,cliptext_final,0.0142346671535998,human_captions_shuffled_single_caption,0.4,False,False,deeprecon,JP,art,brain_diffuser
2,cliptext_tokens,0.0214415299127358,human_captions_shuffled_single_caption,0.4,False,False,deeprecon,JP,art,brain_diffuser
3,clipvision_final,0.0228686259654931,human_captions_shuffled_single_caption,0.4,False,False,deeprecon,JP,art,brain_diffuser
4,clipvision_patches,0.0417986190270575,human_captions_shuffled_single_caption,0.4,False,False,deeprecon,JP,art,brain_diffuser
0,vdvae,9.839283013344923e-05,low_level_short,0.4,False,False,deeprecon,JP,test,brain_diffuser
1,cliptext_final,0.1601027457496085,low_level_short,0.4,False,False,deeprecon,JP,test,brain_diffuser
2,cliptext_tokens,0.1334079491275167,low_level_short,0.4,False,False,deeprecon,JP,test,brain_diffuser
3,clipvision_final,0.1902324264451628,low_level_short,0.4,False,False,deeprecon,JP,test,brain_diffuser
4,clipvision_patches,0.0735170258525837,low_level_short,0.4,False,False,deeprecon,JP,test,brain_diffuser
0,vdvae,0.0017159621957595,low_level_short,0.4,False,False,deeprecon,JP,art,brain_diffuser
1,cliptext_final,0.0221518357986776,low_level_short,0.4,False,False,deeprecon,JP,art,brain_diffuser
2,cliptext_tokens,0.0385383403311073,low_level_short,0.4,False,False,deeprecon,JP,art,brain_diffuser
3,clipvision_final,0.0228686259654931,low_level_short,0.4,False,False,deeprecon,JP,art,brain_diffuser
4,clipvision_patches,0.0417986190270575,low_level_short,0.4,False,False,deeprecon,JP,art,brain_diffuser
0,vdvae,9.839283013344923e-05,low_level_long,0.4,False,False,deeprecon,JP,test,brain_diffuser
1,cliptext_final,0.1428636145515993,low_level_long,0.4,False,False,deeprecon,JP,test,brain_diffuser
2,cliptext_tokens,0.0964472980722918,low_level_long,0.4,False,False,deeprecon,JP,test,brain_diffuser
3,clipvision_final,0.1902324264451628,low_level_long,0.4,False,False,deeprecon,JP,test,brain_diffuser
4,clipvision_patches,0.0735170258525837,low_level_long,0.4,False,False,deeprecon,JP,test,brain_diffuser
0,vdvae,0.0017159621957595,low_level_long,0.4,False,False,deeprecon,JP,art,brain_diffuser
1,cliptext_final,0.0492638500073955,low_level_long,0.4,False,False,deeprecon,JP,art,brain_diffuser
2,cliptext_tokens,0.046241493325421,low_level_long,0.4,False,False,deeprecon,JP,art,brain_diffuser
3,clipvision_final,0.0228686259654931,low_level_long,0.4,False,False,deeprecon,JP,art,brain_diffuser
4,clipvision_patches,0.0417986190270575,low_level_long,0.4,False,False,deeprecon,JP,art,brain_diffuser
0,vdvae,9.839283013344923e-05,high_level_short,0.4,False,False,deeprecon,JP,test,brain_diffuser
1,cliptext_final,0.2082883121989968,high_level_short,0.4,False,False,deeprecon,JP,test,brain_diffuser
2,cliptext_tokens,0.1880667535552831,high_level_short,0.4,False,False,deeprecon,JP,test,brain_diffuser
3,clipvision_final,0.1902324264451628,high_level_short,0.4,False,False,deeprecon,JP,test,brain_diffuser
4,clipvision_patches,0.0735170258525837,high_level_short,0.4,False,False,deeprecon,JP,test,brain_diffuser
0,vdvae,0.0017159621957595,high_level_short,0.4,False,False,deeprecon,JP,art,brain_diffuser
1,cliptext_final,0.007633643092193,high_level_short,0.4,False,False,deeprecon,JP,art,brain_diffuser
2,cliptext_tokens,0.0193717562349502,high_level_short,0.4,False,False,deeprecon,JP,art,brain_diffuser
3,clipvision_final,0.0228686259654931,high_level_short,0.4,False,False,deeprecon,JP,art,brain_diffuser
4,clipvision_patches,0.0417986190270575,high_level_short,0.4,False,False,deeprecon,JP,art,brain_diffuser
0,vdvae,9.839283013344923e-05,high_level_long,0.4,False,False,deeprecon,JP,test,brain_diffuser
1,cliptext_final,0.1865042261983822,high_level_long,0.4,False,False,deeprecon,JP,test,brain_diffuser
2,cliptext_tokens,0.1515822600488144,high_level_long,0.4,False,False,deeprecon,JP,test,brain_diffuser
3,clipvision_final,0.1902324264451628,high_level_long,0.4,False,False,deeprecon,JP,test,brain_diffuser
4,clipvision_patches,0.0735170258525837,high_level_long,0.4,False,False,deeprecon,JP,test,brain_diffuser
0,vdvae,0.0017159621957595,high_level_long,0.4,False,False,deeprecon,JP,art,brain_diffuser
1,cliptext_final,0.0073175164160171,high_level_long,0.4,False,False,deeprecon,JP,art,brain_diffuser
2,cliptext_tokens,0.0262690594080657,high_level_long,0.4,False,False,deeprecon,JP,art,brain_diffuser
3,clipvision_final,0.0228686259654931,high_level_long,0.4,False,False,deeprecon,JP,art,brain_diffuser
4,clipvision_patches,0.0417986190270575,high_level_long,0.4,False,False,deeprecon,JP,art,brain_diffuser
0,vdvae,9.839283013344923e-05,human_captions,0.8,False,False,deeprecon,JP,test,brain_diffuser
1,cliptext_final,0.2370350550944773,human_captions,0.8,False,False,deeprecon,JP,test,brain_diffuser
2,cliptext_tokens,0.2275543228689323,human_captions,0.8,False,False,deeprecon,JP,test,brain_diffuser
3,clipvision_final,0.1902324264451628,human_captions,0.8,False,False,deeprecon,JP,test,brain_diffuser
4,clipvision_patches,0.0735170258525837,human_captions,0.8,False,False,deeprecon,JP,test,brain_diffuser
0,vdvae,0.0017159621957595,human_captions,0.8,False,False,deeprecon,JP,art,brain_diffuser
1,cliptext_final,0.0170835392602909,human_captions,0.8,False,False,deeprecon,JP,art,brain_diffuser
2,cliptext_tokens,0.0362943095605364,human_captions,0.8,False,False,deeprecon,JP,art,brain_diffuser
3,clipvision_final,0.0228686259654931,human_captions,0.8,False,False,deeprecon,JP,art,brain_diffuser
4,clipvision_patches,0.0417986190270575,human_captions,0.8,False,False,deeprecon,JP,art,brain_diffuser
0,vdvae,9.839283013344923e-05,human_captions_shuffled_single_caption,0.8,False,False,deeprecon,JP,test,brain_diffuser
1,cliptext_final,-0.0105001307784117,human_captions_shuffled_single_caption,0.8,False,False,deeprecon,JP,test,brain_diffuser
2,cliptext_tokens,-0.0087170326591624,human_captions_shuffled_single_caption,0.8,False,False,deeprecon,JP,test,brain_diffuser
3,clipvision_final,0.1902324264451628,human_captions_shuffled_single_caption,0.8,False,False,deeprecon,JP,test,brain_diffuser
4,clipvision_patches,0.0735170258525837,human_captions_shuffled_single_caption,0.8,False,False,deeprecon,JP,test,brain_diffuser
0,vdvae,0.0017159621957595,human_captions_shuffled_single_caption,0.8,False,False,deeprecon,JP,art,brain_diffuser
1,cliptext_final,0.0142346736393451,human_captions_shuffled_single_caption,0.8,False,False,deeprecon,JP,art,brain_diffuser
2,cliptext_tokens,0.0214415295915519,human_captions_shuffled_single_caption,0.8,False,False,deeprecon,JP,art,brain_diffuser
3,clipvision_final,0.0228686259654931,human_captions_shuffled_single_caption,0.8,False,False,deeprecon,JP,art,brain_diffuser
4,clipvision_patches,0.0417986190270575,human_captions_shuffled_single_caption,0.8,False,False,deeprecon,JP,art,brain_diffuser
0,vdvae,9.839283013344923e-05,low_level_short,0.8,False,False,deeprecon,JP,test,brain_diffuser
1,cliptext_final,0.1601027457496085,low_level_short,0.8,False,False,deeprecon,JP,test,brain_diffuser
2,cliptext_tokens,0.1334079491275167,low_level_short,0.8,False,False,deeprecon,JP,test,brain_diffuser
3,clipvision_final,0.1902324264451628,low_level_short,0.8,False,False,deeprecon,JP,test,brain_diffuser
4,clipvision_patches,0.0735170258525837,low_level_short,0.8,False,False,deeprecon,JP,test,brain_diffuser
0,vdvae,0.0017159621957595,low_level_short,0.8,False,False,deeprecon,JP,art,brain_diffuser
1,cliptext_final,0.0221518357986776,low_level_short,0.8,False,False,deeprecon,JP,art,brain_diffuser
2,cliptext_tokens,0.0385383403311073,low_level_short,0.8,False,False,deeprecon,JP,art,brain_diffuser
3,clipvision_final,0.0228686259654931,low_level_short,0.8,False,False,deeprecon,JP,art,brain_diffuser
4,clipvision_patches,0.0417986190270575,low_level_short,0.8,False,False,deeprecon,JP,art,brain_diffuser
0,vdvae,9.839283013344923e-05,low_level_long,0.8,False,False,deeprecon,JP,test,brain_diffuser
1,cliptext_final,0.1428636145515993,low_level_long,0.8,False,False,deeprecon,JP,test,brain_diffuser
2,cliptext_tokens,0.0964472980722918,low_level_long,0.8,False,False,deeprecon,JP,test,brain_diffuser
3,clipvision_final,0.1902324264451628,low_level_long,0.8,False,False,deeprecon,JP,test,brain_diffuser
4,clipvision_patches,0.0735170258525837,low_level_long,0.8,False,False,deeprecon,JP,test,brain_diffuser
0,vdvae,0.0017159621957595,low_level_long,0.8,False,False,deeprecon,JP,art,brain_diffuser
1,cliptext_final,0.0492638500073955,low_level_long,0.8,False,False,deeprecon,JP,art,brain_diffuser
2,cliptext_tokens,0.046241493325421,low_level_long,0.8,False,False,deeprecon,JP,art,brain_diffuser
3,clipvision_final,0.0228686259654931,low_level_long,0.8,False,False,deeprecon,JP,art,brain_diffuser
4,clipvision_patches,0.0417986190270575,low_level_long,0.8,False,False,deeprecon,JP,art,brain_diffuser
0,vdvae,9.839283013344923e-05,high_level_short,0.8,False,False,deeprecon,JP,test,brain_diffuser
1,cliptext_final,0.2082883121989968,high_level_short,0.8,False,False,deeprecon,JP,test,brain_diffuser
2,cliptext_tokens,0.1880667535552831,high_level_short,0.8,False,False,deeprecon,JP,test,brain_diffuser
3,clipvision_final,0.1902324264451628,high_level_short,0.8,False,False,deeprecon,JP,test,brain_diffuser
4,clipvision_patches,0.0735170258525837,high_level_short,0.8,False,False,deeprecon,JP,test,brain_diffuser
0,vdvae,0.0017159621957595,high_level_short,0.8,False,False,deeprecon,JP,art,brain_diffuser
1,cliptext_final,0.007633643092193,high_level_short,0.8,False,False,deeprecon,JP,art,brain_diffuser
2,cliptext_tokens,0.0193717562349502,high_level_short,0.8,False,False,deeprecon,JP,art,brain_diffuser
3,clipvision_final,0.0228686259654931,high_level_short,0.8,False,False,deeprecon,JP,art,brain_diffuser
4,clipvision_patches,0.0417986190270575,high_level_short,0.8,False,False,deeprecon,JP,art,brain_diffuser
0,vdvae,9.839283013344923e-05,high_level_long,0.8,False,False,deeprecon,JP,test,brain_diffuser
1,cliptext_final,0.1865042261983822,high_level_long,0.8,False,False,deeprecon,JP,test,brain_diffuser
2,cliptext_tokens,0.1515822600488144,high_level_long,0.8,False,False,deeprecon,JP,test,brain_diffuser
3,clipvision_final,0.1902324264451628,high_level_long,0.8,False,False,deeprecon,JP,test,brain_diffuser
4,clipvision_patches,0.0735170258525837,high_level_long,0.8,False,False,deeprecon,JP,test,brain_diffuser
0,vdvae,0.0017159621957595,high_level_long,0.8,False,False,deeprecon,JP,art,brain_diffuser
1,cliptext_final,0.0073175164160171,high_level_long,0.8,False,False,deeprecon,JP,art,brain_diffuser
2,cliptext_tokens,0.0262690594080657,high_level_long,0.8,False,False,deeprecon,JP,art,brain_diffuser
3,clipvision_final,0.0228686259654931,high_level_long,0.8,False,False,deeprecon,JP,art,brain_diffuser
4,clipvision_patches,0.0417986190270575,high_level_long,0.8,False,False,deeprecon,JP,art,brain_diffuser
0,vdvae,0.0003886268086613,human_captions,0.4,False,False,deeprecon,TH,test,brain_diffuser
1,cliptext_final,0.2388539211733816,human_captions,0.4,False,False,deeprecon,TH,test,brain_diffuser
2,cliptext_tokens,0.2347889440862133,human_captions,0.4,False,False,deeprecon,TH,test,brain_diffuser
3,clipvision_final,0.1984578298416035,human_captions,0.4,False,False,deeprecon,TH,test,brain_diffuser
4,clipvision_patches,0.0784653122628871,human_captions,0.4,False,False,deeprecon,TH,test,brain_diffuser
0,vdvae,0.0007486946736459,human_captions,0.4,False,False,deeprecon,TH,art,brain_diffuser
1,cliptext_final,0.0376248301500335,human_captions,0.4,False,False,deeprecon,TH,art,brain_diffuser
2,cliptext_tokens,0.0596601207676326,human_captions,0.4,False,False,deeprecon,TH,art,brain_diffuser
3,clipvision_final,0.0203276809472884,human_captions,0.4,False,False,deeprecon,TH,art,brain_diffuser
4,clipvision_patches,0.0440239975422875,human_captions,0.4,False,False,deeprecon,TH,art,brain_diffuser
0,vdvae,0.0003886268086613,human_captions_shuffled_single_caption,0.4,False,False,deeprecon,TH,test,brain_diffuser
1,cliptext_final,-0.0095303276479278,human_captions_shuffled_single_caption,0.4,False,False,deeprecon,TH,test,brain_diffuser
2,cliptext_tokens,-0.0066370661479816,human_captions_shuffled_single_caption,0.4,False,False,deeprecon,TH,test,brain_diffuser
3,clipvision_final,0.1984578298416035,human_captions_shuffled_single_caption,0.4,False,False,deeprecon,TH,test,brain_diffuser
4,clipvision_patches,0.0784653122628871,human_captions_shuffled_single_caption,0.4,False,False,deeprecon,TH,test,brain_diffuser
0,vdvae,0.0007486946736459,human_captions_shuffled_single_caption,0.4,False,False,deeprecon,TH,art,brain_diffuser
1,cliptext_final,-0.0257612231099509,human_captions_shuffled_single_caption,0.4,False,False,deeprecon,TH,art,brain_diffuser
2,cliptext_tokens,-0.0250755480353713,human_captions_shuffled_single_caption,0.4,False,False,deeprecon,TH,art,brain_diffuser
3,clipvision_final,0.0203276809472884,human_captions_shuffled_single_caption,0.4,False,False,deeprecon,TH,art,brain_diffuser
4,clipvision_patches,0.0440239975422875,human_captions_shuffled_single_caption,0.4,False,False,deeprecon,TH,art,brain_diffuser
0,vdvae,0.0003886268086613,low_level_short,0.4,False,False,deeprecon,TH,test,brain_diffuser
1,cliptext_final,0.154830812945011,low_level_short,0.4,False,False,deeprecon,TH,test,brain_diffuser
2,cliptext_tokens,0.1358521875026334,low_level_short,0.4,False,False,deeprecon,TH,test,brain_diffuser
3,clipvision_final,0.1984578298416035,low_level_short,0.4,False,False,deeprecon,TH,test,brain_diffuser
4,clipvision_patches,0.0784653122628871,low_level_short,0.4,False,False,deeprecon,TH,test,brain_diffuser
0,vdvae,0.0007486946736459,low_level_short,0.4,False,False,deeprecon,TH,art,brain_diffuser
1,cliptext_final,0.075783327266456,low_level_short,0.4,False,False,deeprecon,TH,art,brain_diffuser
2,cliptext_tokens,0.0896762572825459,low_level_short,0.4,False,False,deeprecon,TH,art,brain_diffuser
3,clipvision_final,0.0203276809472884,low_level_short,0.4,False,False,deeprecon,TH,art,brain_diffuser
4,clipvision_patches,0.0440239975422875,low_level_short,0.4,False,False,deeprecon,TH,art,brain_diffuser
0,vdvae,0.0003886268086613,low_level_long,0.4,False,False,deeprecon,TH,test,brain_diffuser
1,cliptext_final,0.1385993107905508,low_level_long,0.4,False,False,deeprecon,TH,test,brain_diffuser
2,cliptext_tokens,0.0989446901553425,low_level_long,0.4,False,False,deeprecon,TH,test,brain_diffuser
3,clipvision_final,0.1984578298416035,low_level_long,0.4,False,False,deeprecon,TH,test,brain_diffuser
4,clipvision_patches,0.0784653122628871,low_level_long,0.4,False,False,deeprecon,TH,test,brain_diffuser
0,vdvae,0.0007486946736459,low_level_long,0.4,False,False,deeprecon,TH,art,brain_diffuser
1,cliptext_final,0.0842607520402588,low_level_long,0.4,False,False,deeprecon,TH,art,brain_diffuser
2,cliptext_tokens,0.0828319947975735,low_level_long,0.4,False,False,deeprecon,TH,art,brain_diffuser
3,clipvision_final,0.0203276809472884,low_level_long,0.4,False,False,deeprecon,TH,art,brain_diffuser
4,clipvision_patches,0.0440239975422875,low_level_long,0.4,False,False,deeprecon,TH,art,brain_diffuser
0,vdvae,0.0003886268086613,high_level_short,0.4,False,False,deeprecon,TH,test,brain_diffuser
1,cliptext_final,0.2101253074137645,high_level_short,0.4,False,False,deeprecon,TH,test,brain_diffuser
2,cliptext_tokens,0.1940680610312373,high_level_short,0.4,False,False,deeprecon,TH,test,brain_diffuser
3,clipvision_final,0.1984578298416035,high_level_short,0.4,False,False,deeprecon,TH,test,brain_diffuser
4,clipvision_patches,0.0784653122628871,high_level_short,0.4,False,False,deeprecon,TH,test,brain_diffuser
0,vdvae,0.0007486946736459,high_level_short,0.4,False,False,deeprecon,TH,art,brain_diffuser
1,cliptext_final,0.0209430456666531,high_level_short,0.4,False,False,deeprecon,TH,art,brain_diffuser
2,cliptext_tokens,0.0395491469504339,high_level_short,0.4,False,False,deeprecon,TH,art,brain_diffuser
3,clipvision_final,0.0203276809472884,high_level_short,0.4,False,False,deeprecon,TH,art,brain_diffuser
4,clipvision_patches,0.0440239975422875,high_level_short,0.4,False,False,deeprecon,TH,art,brain_diffuser
0,vdvae,0.0003886268086613,high_level_long,0.4,False,False,deeprecon,TH,test,brain_diffuser
1,cliptext_final,0.1924200833283003,high_level_long,0.4,False,False,deeprecon,TH,test,brain_diffuser
2,cliptext_tokens,0.1550814206087729,high_level_long,0.4,False,False,deeprecon,TH,test,brain_diffuser
3,clipvision_final,0.1984578298416035,high_level_long,0.4,False,False,deeprecon,TH,test,brain_diffuser
4,clipvision_patches,0.0784653122628871,high_level_long,0.4,False,False,deeprecon,TH,test,brain_diffuser
0,vdvae,0.0007486946736459,high_level_long,0.4,False,False,deeprecon,TH,art,brain_diffuser
1,cliptext_final,0.0394055677431016,high_level_long,0.4,False,False,deeprecon,TH,art,brain_diffuser
2,cliptext_tokens,0.0546729589373572,high_level_long,0.4,False,False,deeprecon,TH,art,brain_diffuser
3,clipvision_final,0.0203276809472884,high_level_long,0.4,False,False,deeprecon,TH,art,brain_diffuser
4,clipvision_patches,0.0440239975422875,high_level_long,0.4,False,False,deeprecon,TH,art,brain_diffuser
0,vdvae,0.0003886268086613,human_captions,0.8,False,False,deeprecon,TH,test,brain_diffuser
1,cliptext_final,0.2388539237483492,human_captions,0.8,False,False,deeprecon,TH,test,brain_diffuser
2,cliptext_tokens,0.2347889460423573,human_captions,0.8,False,False,deeprecon,TH,test,brain_diffuser
3,clipvision_final,0.1984578298416035,human_captions,0.8,False,False,deeprecon,TH,test,brain_diffuser
4,clipvision_patches,0.0784653122628871,human_captions,0.8,False,False,deeprecon,TH,test,brain_diffuser
0,vdvae,0.0007486946736459,human_captions,0.8,False,False,deeprecon,TH,art,brain_diffuser
1,cliptext_final,0.0376248280102165,human_captions,0.8,False,False,deeprecon,TH,art,brain_diffuser
2,cliptext_tokens,0.0596601238468886,human_captions,0.8,False,False,deeprecon,TH,art,brain_diffuser
3,clipvision_final,0.0203276809472884,human_captions,0.8,False,False,deeprecon,TH,art,brain_diffuser
4,clipvision_patches,0.0440239975422875,human_captions,0.8,False,False,deeprecon,TH,art,brain_diffuser
0,vdvae,0.0003886268086613,human_captions_shuffled_single_caption,0.8,False,False,deeprecon,TH,test,brain_diffuser
1,cliptext_final,-0.009530324258442,human_captions_shuffled_single_caption,0.8,False,False,deeprecon,TH,test,brain_diffuser
2,cliptext_tokens,-0.0066370679976074,human_captions_shuffled_single_caption,0.8,False,False,deeprecon,TH,test,brain_diffuser
3,clipvision_final,0.1984578298416035,human_captions_shuffled_single_caption,0.8,False,False,deeprecon,TH,test,brain_diffuser
4,clipvision_patches,0.0784653122628871,human_captions_shuffled_single_caption,0.8,False,False,deeprecon,TH,test,brain_diffuser
0,vdvae,0.0007486946736459,human_captions_shuffled_single_caption,0.8,False,False,deeprecon,TH,art,brain_diffuser
1,cliptext_final,-0.0257612196331737,human_captions_shuffled_single_caption,0.8,False,False,deeprecon,TH,art,brain_diffuser
2,cliptext_tokens,-0.0250755538906255,human_captions_shuffled_single_caption,0.8,False,False,deeprecon,TH,art,brain_diffuser
3,clipvision_final,0.0203276809472884,human_captions_shuffled_single_caption,0.8,False,False,deeprecon,TH,art,brain_diffuser
4,clipvision_patches,0.0440239975422875,human_captions_shuffled_single_caption,0.8,False,False,deeprecon,TH,art,brain_diffuser
0,vdvae,0.0003886268086613,low_level_short,0.8,False,False,deeprecon,TH,test,brain_diffuser
1,cliptext_final,0.154830812945011,low_level_short,0.8,False,False,deeprecon,TH,test,brain_diffuser
2,cliptext_tokens,0.1358521875026334,low_level_short,0.8,False,False,deeprecon,TH,test,brain_diffuser
3,clipvision_final,0.1984578298416035,low_level_short,0.8,False,False,deeprecon,TH,test,brain_diffuser
4,clipvision_patches,0.0784653122628871,low_level_short,0.8,False,False,deeprecon,TH,test,brain_diffuser
0,vdvae,0.0007486946736459,low_level_short,0.8,False,False,deeprecon,TH,art,brain_diffuser
1,cliptext_final,0.075783327266456,low_level_short,0.8,False,False,deeprecon,TH,art,brain_diffuser
2,cliptext_tokens,0.0896762572825459,low_level_short,0.8,False,False,deeprecon,TH,art,brain_diffuser
3,clipvision_final,0.0203276809472884,low_level_short,0.8,False,False,deeprecon,TH,art,brain_diffuser
4,clipvision_patches,0.0440239975422875,low_level_short,0.8,False,False,deeprecon,TH,art,brain_diffuser
0,vdvae,0.0003886268086613,low_level_long,0.8,False,False,deeprecon,TH,test,brain_diffuser
1,cliptext_final,0.1385993107905508,low_level_long,0.8,False,False,deeprecon,TH,test,brain_diffuser
2,cliptext_tokens,0.0989446901553425,low_level_long,0.8,False,False,deeprecon,TH,test,brain_diffuser
3,clipvision_final,0.1984578298416035,low_level_long,0.8,False,False,deeprecon,TH,test,brain_diffuser
4,clipvision_patches,0.0784653122628871,low_level_long,0.8,False,False,deeprecon,TH,test,brain_diffuser
0,vdvae,0.0007486946736459,low_level_long,0.8,False,False,deeprecon,TH,art,brain_diffuser
1,cliptext_final,0.0842607520402588,low_level_long,0.8,False,False,deeprecon,TH,art,brain_diffuser
2,cliptext_tokens,0.0828319947975735,low_level_long,0.8,False,False,deeprecon,TH,art,brain_diffuser
3,clipvision_final,0.0203276809472884,low_level_long,0.8,False,False,deeprecon,TH,art,brain_diffuser
4,clipvision_patches,0.0440239975422875,low_level_long,0.8,False,False,deeprecon,TH,art,brain_diffuser
0,vdvae,0.0003886268086613,high_level_short,0.8,False,False,deeprecon,TH,test,brain_diffuser
1,cliptext_final,0.2101253074137645,high_level_short,0.8,False,False,deeprecon,TH,test,brain_diffuser
2,cliptext_tokens,0.1940680610312373,high_level_short,0.8,False,False,deeprecon,TH,test,brain_diffuser
3,clipvision_final,0.1984578298416035,high_level_short,0.8,False,False,deeprecon,TH,test,brain_diffuser
4,clipvision_patches,0.0784653122628871,high_level_short,0.8,False,False,deeprecon,TH,test,brain_diffuser
0,vdvae,0.0007486946736459,high_level_short,0.8,False,False,deeprecon,TH,art,brain_diffuser
1,cliptext_final,0.0209430456666531,high_level_short,0.8,False,False,deeprecon,TH,art,brain_diffuser
2,cliptext_tokens,0.0395491469504339,high_level_short,0.8,False,False,deeprecon,TH,art,brain_diffuser
3,clipvision_final,0.0203276809472884,high_level_short,0.8,False,False,deeprecon,TH,art,brain_diffuser
4,clipvision_patches,0.0440239975422875,high_level_short,0.8,False,False,deeprecon,TH,art,brain_diffuser
0,vdvae,0.0003886268086613,high_level_long,0.8,False,False,deeprecon,TH,test,brain_diffuser
1,cliptext_final,0.1924200833283003,high_level_long,0.8,False,False,deeprecon,TH,test,brain_diffuser
2,cliptext_tokens,0.1550814206087729,high_level_long,0.8,False,False,deeprecon,TH,test,brain_diffuser
3,clipvision_final,0.1984578298416035,high_level_long,0.8,False,False,deeprecon,TH,test,brain_diffuser
4,clipvision_patches,0.0784653122628871,high_level_long,0.8,False,False,deeprecon,TH,test,brain_diffuser
0,vdvae,0.0007486946736459,high_level_long,0.8,False,False,deeprecon,TH,art,brain_diffuser
1,cliptext_final,0.0394055677431016,high_level_long,0.8,False,False,deeprecon,TH,art,brain_diffuser
2,cliptext_tokens,0.0546729589373572,high_level_long,0.8,False,False,deeprecon,TH,art,brain_diffuser
3,clipvision_final,0.0203276809472884,high_level_long,0.8,False,False,deeprecon,TH,art,brain_diffuser
4,clipvision_patches,0.0440239975422875,high_level_long,0.8,False,False,deeprecon,TH,art,brain_diffuser
