,ft_name,profile_corr,dataset,sub,test_dataset,algorithm,pert_algorithm,pert_type,pert_epsilon,pert_n,pert_ratio,pert_max_steps
0,vdvae,0.0009011868319283,deeprecon,AM,test,brain_diffuser,NO_PERT,,,,,
1,cliptext_final,0.2356686417645258,deeprecon,AM,test,brain_diffuser,NO_PERT,,,,,
2,cliptext_tokens,0.2321829363523685,deeprecon,AM,test,brain_diffuser,NO_PERT,,,,,
3,clipvision_final,0.2092932074238305,deeprecon,AM,test,brain_diffuser,NO_PERT,,,,,
4,clipvision_patches,0.0791648288177022,deeprecon,AM,test,brain_diffuser,NO_PERT,,,,,
0,vdvae,0.0007363701676746,deeprecon,AM,art,brain_diffuser,NO_PERT,,,,,
1,cliptext_final,0.0576480644279152,deeprecon,AM,art,brain_diffuser,NO_PERT,,,,,
2,cliptext_tokens,0.0819487312847905,deeprecon,AM,art,brain_diffuser,NO_PERT,,,,,
3,clipvision_final,0.0520840530226814,deeprecon,AM,art,brain_diffuser,NO_PERT,,,,,
4,clipvision_patches,0.050445370025219,deeprecon,AM,art,brain_diffuser,NO_PERT,,,,,
0,vdvae,0.0009011868319283,deeprecon,AM,test,brain_diffuser,fgsm,friendly,0,5,,
1,cliptext_final,0.2356686417645258,deeprecon,AM,test,brain_diffuser,fgsm,friendly,0,5,,
2,cliptext_tokens,0.2321829363523685,deeprecon,AM,test,brain_diffuser,fgsm,friendly,0,5,,
3,clipvision_final,0.2118566409602272,deeprecon,AM,test,brain_diffuser,fgsm,friendly,0,5,,
4,clipvision_patches,0.0709926221817549,deeprecon,AM,test,brain_diffuser,fgsm,friendly,0,5,,
0,vdvae,0.0007363701676746,deeprecon,AM,art,brain_diffuser,fgsm,friendly,0,5,,
1,cliptext_final,0.0576480644279152,deeprecon,AM,art,brain_diffuser,fgsm,friendly,0,5,,
2,cliptext_tokens,0.0819487312847905,deeprecon,AM,art,brain_diffuser,fgsm,friendly,0,5,,
3,clipvision_final,0.050901457305204,deeprecon,AM,art,brain_diffuser,fgsm,friendly,0,5,,
4,clipvision_patches,0.0404258559969069,deeprecon,AM,art,brain_diffuser,fgsm,friendly,0,5,,
0,vdvae,0.0009011868319283,deeprecon,AM,test,brain_diffuser,ic,adversarial,,5,90-10,500
1,cliptext_final,0.2356686417645258,deeprecon,AM,test,brain_diffuser,ic,adversarial,,5,90-10,500
2,cliptext_tokens,0.2321829363523685,deeprecon,AM,test,brain_diffuser,ic,adversarial,,5,90-10,500
3,clipvision_final,0.2054937968775035,deeprecon,AM,test,brain_diffuser,ic,adversarial,,5,90-10,500
4,clipvision_patches,0.0702959920318444,deeprecon,AM,test,brain_diffuser,ic,adversarial,,5,90-10,500
0,vdvae,0.0007363701676746,deeprecon,AM,art,brain_diffuser,ic,adversarial,,5,90-10,500
1,cliptext_final,0.0576480644279152,deeprecon,AM,art,brain_diffuser,ic,adversarial,,5,90-10,500
2,cliptext_tokens,0.0819487312847905,deeprecon,AM,art,brain_diffuser,ic,adversarial,,5,90-10,500
3,clipvision_final,0.0562716261740844,deeprecon,AM,art,brain_diffuser,ic,adversarial,,5,90-10,500
4,clipvision_patches,0.0423085502445234,deeprecon,AM,art,brain_diffuser,ic,adversarial,,5,90-10,500
0,vdvae,0.0009011868319283,deeprecon,AM,test,brain_diffuser,ic,friendly,,5,90-10,500
1,cliptext_final,0.2356686417645258,deeprecon,AM,test,brain_diffuser,ic,friendly,,5,90-10,500
2,cliptext_tokens,0.2321829363523685,deeprecon,AM,test,brain_diffuser,ic,friendly,,5,90-10,500
3,clipvision_final,0.2035808455332451,deeprecon,AM,test,brain_diffuser,ic,friendly,,5,90-10,500
4,clipvision_patches,0.0688900511394222,deeprecon,AM,test,brain_diffuser,ic,friendly,,5,90-10,500
0,vdvae,0.0007363701676746,deeprecon,AM,art,brain_diffuser,ic,friendly,,5,90-10,500
1,cliptext_final,0.0576480644279152,deeprecon,AM,art,brain_diffuser,ic,friendly,,5,90-10,500
2,cliptext_tokens,0.0819487312847905,deeprecon,AM,art,brain_diffuser,ic,friendly,,5,90-10,500
3,clipvision_final,0.0510890661717505,deeprecon,AM,art,brain_diffuser,ic,friendly,,5,90-10,500
4,clipvision_patches,0.0401256827828484,deeprecon,AM,art,brain_diffuser,ic,friendly,,5,90-10,500
0,vdvae,0.0009011868319283,deeprecon,AM,test,brain_diffuser,ic,adversarial,,5,80-20,500
1,cliptext_final,0.2356686417645258,deeprecon,AM,test,brain_diffuser,ic,adversarial,,5,80-20,500
2,cliptext_tokens,0.2321829363523685,deeprecon,AM,test,brain_diffuser,ic,adversarial,,5,80-20,500
3,clipvision_final,0.1983998548087,deeprecon,AM,test,brain_diffuser,ic,adversarial,,5,80-20,500
4,clipvision_patches,0.0725891255500557,deeprecon,AM,test,brain_diffuser,ic,adversarial,,5,80-20,500
0,vdvae,0.0007363701676746,deeprecon,AM,art,brain_diffuser,ic,adversarial,,5,80-20,500
1,cliptext_final,0.0576480644279152,deeprecon,AM,art,brain_diffuser,ic,adversarial,,5,80-20,500
2,cliptext_tokens,0.0819487312847905,deeprecon,AM,art,brain_diffuser,ic,adversarial,,5,80-20,500
3,clipvision_final,0.0527594692013161,deeprecon,AM,art,brain_diffuser,ic,adversarial,,5,80-20,500
4,clipvision_patches,0.0423904612207835,deeprecon,AM,art,brain_diffuser,ic,adversarial,,5,80-20,500
0,vdvae,0.0009011868319283,deeprecon,AM,test,brain_diffuser,ic,friendly,,5,80-20,500
1,cliptext_final,0.2356686417645258,deeprecon,AM,test,brain_diffuser,ic,friendly,,5,80-20,500
2,cliptext_tokens,0.2321829363523685,deeprecon,AM,test,brain_diffuser,ic,friendly,,5,80-20,500
3,clipvision_final,0.1952171721292415,deeprecon,AM,test,brain_diffuser,ic,friendly,,5,80-20,500
4,clipvision_patches,0.0717252870615309,deeprecon,AM,test,brain_diffuser,ic,friendly,,5,80-20,500
0,vdvae,0.0007363701676746,deeprecon,AM,art,brain_diffuser,ic,friendly,,5,80-20,500
1,cliptext_final,0.0576480644279152,deeprecon,AM,art,brain_diffuser,ic,friendly,,5,80-20,500
2,cliptext_tokens,0.0819487312847905,deeprecon,AM,art,brain_diffuser,ic,friendly,,5,80-20,500
3,clipvision_final,0.0486875943702893,deeprecon,AM,art,brain_diffuser,ic,friendly,,5,80-20,500
4,clipvision_patches,0.0412902994626859,deeprecon,AM,art,brain_diffuser,ic,friendly,,5,80-20,500
0,vdvae,0.0009011868319283,deeprecon,AM,test,brain_diffuser,ic,adversarial,,5,70-30,500
1,cliptext_final,0.2356686417645258,deeprecon,AM,test,brain_diffuser,ic,adversarial,,5,70-30,500
2,cliptext_tokens,0.2321829363523685,deeprecon,AM,test,brain_diffuser,ic,adversarial,,5,70-30,500
3,clipvision_final,0.1808848599996253,deeprecon,AM,test,brain_diffuser,ic,adversarial,,5,70-30,500
4,clipvision_patches,0.0698654342342698,deeprecon,AM,test,brain_diffuser,ic,adversarial,,5,70-30,500
0,vdvae,0.0007363701676746,deeprecon,AM,art,brain_diffuser,ic,adversarial,,5,70-30,500
1,cliptext_final,0.0576480644279152,deeprecon,AM,art,brain_diffuser,ic,adversarial,,5,70-30,500
2,cliptext_tokens,0.0819487312847905,deeprecon,AM,art,brain_diffuser,ic,adversarial,,5,70-30,500
3,clipvision_final,0.05415394460029,deeprecon,AM,art,brain_diffuser,ic,adversarial,,5,70-30,500
4,clipvision_patches,0.0462382161839851,deeprecon,AM,art,brain_diffuser,ic,adversarial,,5,70-30,500
0,vdvae,0.0009011868319283,deeprecon,AM,test,brain_diffuser,ic,friendly,,5,70-30,500
1,cliptext_final,0.2356686417645258,deeprecon,AM,test,brain_diffuser,ic,friendly,,5,70-30,500
2,cliptext_tokens,0.2321829363523685,deeprecon,AM,test,brain_diffuser,ic,friendly,,5,70-30,500
3,clipvision_final,0.1896394203874978,deeprecon,AM,test,brain_diffuser,ic,friendly,,5,70-30,500
4,clipvision_patches,0.0687801323895721,deeprecon,AM,test,brain_diffuser,ic,friendly,,5,70-30,500
0,vdvae,0.0007363701676746,deeprecon,AM,art,brain_diffuser,ic,friendly,,5,70-30,500
1,cliptext_final,0.0576480644279152,deeprecon,AM,art,brain_diffuser,ic,friendly,,5,70-30,500
2,cliptext_tokens,0.0819487312847905,deeprecon,AM,art,brain_diffuser,ic,friendly,,5,70-30,500
3,clipvision_final,0.0539321895742597,deeprecon,AM,art,brain_diffuser,ic,friendly,,5,70-30,500
4,clipvision_patches,0.041825677833351,deeprecon,AM,art,brain_diffuser,ic,friendly,,5,70-30,500
0,vdvae,0.0009011868319283,deeprecon,AM,test,brain_diffuser,ic,adversarial,,5,50-50,500
1,cliptext_final,0.2356686417645258,deeprecon,AM,test,brain_diffuser,ic,adversarial,,5,50-50,500
2,cliptext_tokens,0.2321829363523685,deeprecon,AM,test,brain_diffuser,ic,adversarial,,5,50-50,500
3,clipvision_final,0.1480736237170063,deeprecon,AM,test,brain_diffuser,ic,adversarial,,5,50-50,500
4,clipvision_patches,0.0688564007116424,deeprecon,AM,test,brain_diffuser,ic,adversarial,,5,50-50,500
0,vdvae,0.0007363701676746,deeprecon,AM,art,brain_diffuser,ic,adversarial,,5,50-50,500
1,cliptext_final,0.0576480644279152,deeprecon,AM,art,brain_diffuser,ic,adversarial,,5,50-50,500
2,cliptext_tokens,0.0819487312847905,deeprecon,AM,art,brain_diffuser,ic,adversarial,,5,50-50,500
3,clipvision_final,0.0453679623538362,deeprecon,AM,art,brain_diffuser,ic,adversarial,,5,50-50,500
4,clipvision_patches,0.0430523242726078,deeprecon,AM,art,brain_diffuser,ic,adversarial,,5,50-50,500
0,vdvae,0.0009011868319283,deeprecon,AM,test,brain_diffuser,ic,friendly,,5,50-50,500
1,cliptext_final,0.2356686417645258,deeprecon,AM,test,brain_diffuser,ic,friendly,,5,50-50,500
2,cliptext_tokens,0.2321829363523685,deeprecon,AM,test,brain_diffuser,ic,friendly,,5,50-50,500
3,clipvision_final,0.1663967492386091,deeprecon,AM,test,brain_diffuser,ic,friendly,,5,50-50,500
4,clipvision_patches,0.0697608995032999,deeprecon,AM,test,brain_diffuser,ic,friendly,,5,50-50,500
0,vdvae,0.0007363701676746,deeprecon,AM,art,brain_diffuser,ic,friendly,,5,50-50,500
1,cliptext_final,0.0576480644279152,deeprecon,AM,art,brain_diffuser,ic,friendly,,5,50-50,500
2,cliptext_tokens,0.0819487312847905,deeprecon,AM,art,brain_diffuser,ic,friendly,,5,50-50,500
3,clipvision_final,0.0574043548710954,deeprecon,AM,art,brain_diffuser,ic,friendly,,5,50-50,500
4,clipvision_patches,0.0419719807565977,deeprecon,AM,art,brain_diffuser,ic,friendly,,5,50-50,500
0,vdvae,0.0009011868319283,deeprecon,AM,test,brain_diffuser,fgsm,adversarial,0.03,5,,
1,cliptext_final,0.2356686417645258,deeprecon,AM,test,brain_diffuser,fgsm,adversarial,0.03,5,,
2,cliptext_tokens,0.2321829363523685,deeprecon,AM,test,brain_diffuser,fgsm,adversarial,0.03,5,,
3,clipvision_final,0.2043839234345359,deeprecon,AM,test,brain_diffuser,fgsm,adversarial,0.03,5,,
4,clipvision_patches,0.0777912491765614,deeprecon,AM,test,brain_diffuser,fgsm,adversarial,0.03,5,,
0,vdvae,0.0007363701676746,deeprecon,AM,art,brain_diffuser,fgsm,adversarial,0.03,5,,
1,cliptext_final,0.0576480644279152,deeprecon,AM,art,brain_diffuser,fgsm,adversarial,0.03,5,,
2,cliptext_tokens,0.0819487312847905,deeprecon,AM,art,brain_diffuser,fgsm,adversarial,0.03,5,,
3,clipvision_final,0.0563983039214358,deeprecon,AM,art,brain_diffuser,fgsm,adversarial,0.03,5,,
4,clipvision_patches,0.0435670464117463,deeprecon,AM,art,brain_diffuser,fgsm,adversarial,0.03,5,,
0,vdvae,0.0009011868319283,deeprecon,AM,test,brain_diffuser,fgsm,friendly,0.03,5,,
1,cliptext_final,0.2356686417645258,deeprecon,AM,test,brain_diffuser,fgsm,friendly,0.03,5,,
2,cliptext_tokens,0.2321829363523685,deeprecon,AM,test,brain_diffuser,fgsm,friendly,0.03,5,,
3,clipvision_final,0.199321669731314,deeprecon,AM,test,brain_diffuser,fgsm,friendly,0.03,5,,
4,clipvision_patches,0.0756630156715447,deeprecon,AM,test,brain_diffuser,fgsm,friendly,0.03,5,,
0,vdvae,0.0007363701676746,deeprecon,AM,art,brain_diffuser,fgsm,friendly,0.03,5,,
1,cliptext_final,0.0576480644279152,deeprecon,AM,art,brain_diffuser,fgsm,friendly,0.03,5,,
2,cliptext_tokens,0.0819487312847905,deeprecon,AM,art,brain_diffuser,fgsm,friendly,0.03,5,,
3,clipvision_final,0.0514422165538161,deeprecon,AM,art,brain_diffuser,fgsm,friendly,0.03,5,,
4,clipvision_patches,0.0421287745957815,deeprecon,AM,art,brain_diffuser,fgsm,friendly,0.03,5,,
0,vdvae,0.0014454535069154,deeprecon,KS,test,brain_diffuser,NO_PERT,,,,,
1,cliptext_final,0.2558476012616312,deeprecon,KS,test,brain_diffuser,NO_PERT,,,,,
2,cliptext_tokens,0.2508248721491294,deeprecon,KS,test,brain_diffuser,NO_PERT,,,,,
3,clipvision_final,0.2196085868280097,deeprecon,KS,test,brain_diffuser,NO_PERT,,,,,
4,clipvision_patches,0.0854864301989547,deeprecon,KS,test,brain_diffuser,NO_PERT,,,,,
0,vdvae,0.0010057934084659,deeprecon,KS,art,brain_diffuser,NO_PERT,,,,,
1,cliptext_final,0.03255875092825,deeprecon,KS,art,brain_diffuser,NO_PERT,,,,,
2,cliptext_tokens,0.051260208718276,deeprecon,KS,art,brain_diffuser,NO_PERT,,,,,
3,clipvision_final,0.0347333832324695,deeprecon,KS,art,brain_diffuser,NO_PERT,,,,,
4,clipvision_patches,0.0450588054462712,deeprecon,KS,art,brain_diffuser,NO_PERT,,,,,
0,vdvae,0.0014454535069154,deeprecon,KS,test,brain_diffuser,fgsm,friendly,0,5,,
1,cliptext_final,0.2558476012616312,deeprecon,KS,test,brain_diffuser,fgsm,friendly,0,5,,
2,cliptext_tokens,0.2508248721491294,deeprecon,KS,test,brain_diffuser,fgsm,friendly,0,5,,
3,clipvision_final,0.2253354883533369,deeprecon,KS,test,brain_diffuser,fgsm,friendly,0,5,,
4,clipvision_patches,0.0781524017761851,deeprecon,KS,test,brain_diffuser,fgsm,friendly,0,5,,
0,vdvae,0.0010057934084659,deeprecon,KS,art,brain_diffuser,fgsm,friendly,0,5,,
1,cliptext_final,0.03255875092825,deeprecon,KS,art,brain_diffuser,fgsm,friendly,0,5,,
2,cliptext_tokens,0.051260208718276,deeprecon,KS,art,brain_diffuser,fgsm,friendly,0,5,,
3,clipvision_final,0.0351361846865644,deeprecon,KS,art,brain_diffuser,fgsm,friendly,0,5,,
4,clipvision_patches,0.0363776979067451,deeprecon,KS,art,brain_diffuser,fgsm,friendly,0,5,,
0,vdvae,0.0014454535069154,deeprecon,KS,test,brain_diffuser,ic,adversarial,,5,90-10,500
1,cliptext_final,0.2558476012616312,deeprecon,KS,test,brain_diffuser,ic,adversarial,,5,90-10,500
2,cliptext_tokens,0.2508248721491294,deeprecon,KS,test,brain_diffuser,ic,adversarial,,5,90-10,500
3,clipvision_final,0.2096750522272055,deeprecon,KS,test,brain_diffuser,ic,adversarial,,5,90-10,500
4,clipvision_patches,0.0749424089746023,deeprecon,KS,test,brain_diffuser,ic,adversarial,,5,90-10,500
0,vdvae,0.0010057934084659,deeprecon,KS,art,brain_diffuser,ic,adversarial,,5,90-10,500
1,cliptext_final,0.03255875092825,deeprecon,KS,art,brain_diffuser,ic,adversarial,,5,90-10,500
2,cliptext_tokens,0.051260208718276,deeprecon,KS,art,brain_diffuser,ic,adversarial,,5,90-10,500
3,clipvision_final,0.0266486971673039,deeprecon,KS,art,brain_diffuser,ic,adversarial,,5,90-10,500
4,clipvision_patches,0.0351398051495896,deeprecon,KS,art,brain_diffuser,ic,adversarial,,5,90-10,500
0,vdvae,0.0014454535069154,deeprecon,KS,test,brain_diffuser,ic,friendly,,5,90-10,500
1,cliptext_final,0.2558476012616312,deeprecon,KS,test,brain_diffuser,ic,friendly,,5,90-10,500
2,cliptext_tokens,0.2508248721491294,deeprecon,KS,test,brain_diffuser,ic,friendly,,5,90-10,500
3,clipvision_final,0.212429267542533,deeprecon,KS,test,brain_diffuser,ic,friendly,,5,90-10,500
4,clipvision_patches,0.0741131324966057,deeprecon,KS,test,brain_diffuser,ic,friendly,,5,90-10,500
0,vdvae,0.0010057934084659,deeprecon,KS,art,brain_diffuser,ic,friendly,,5,90-10,500
1,cliptext_final,0.03255875092825,deeprecon,KS,art,brain_diffuser,ic,friendly,,5,90-10,500
2,cliptext_tokens,0.051260208718276,deeprecon,KS,art,brain_diffuser,ic,friendly,,5,90-10,500
3,clipvision_final,0.025052800958952,deeprecon,KS,art,brain_diffuser,ic,friendly,,5,90-10,500
4,clipvision_patches,0.0337148155981389,deeprecon,KS,art,brain_diffuser,ic,friendly,,5,90-10,500
0,vdvae,0.0014454535069154,deeprecon,KS,test,brain_diffuser,ic,adversarial,,5,80-20,500
1,cliptext_final,0.2558476012616312,deeprecon,KS,test,brain_diffuser,ic,adversarial,,5,80-20,500
2,cliptext_tokens,0.2508248721491294,deeprecon,KS,test,brain_diffuser,ic,adversarial,,5,80-20,500
3,clipvision_final,0.2060042679564855,deeprecon,KS,test,brain_diffuser,ic,adversarial,,5,80-20,500
4,clipvision_patches,0.0787404970331829,deeprecon,KS,test,brain_diffuser,ic,adversarial,,5,80-20,500
0,vdvae,0.0010057934084659,deeprecon,KS,art,brain_diffuser,ic,adversarial,,5,80-20,500
1,cliptext_final,0.03255875092825,deeprecon,KS,art,brain_diffuser,ic,adversarial,,5,80-20,500
2,cliptext_tokens,0.051260208718276,deeprecon,KS,art,brain_diffuser,ic,adversarial,,5,80-20,500
3,clipvision_final,0.0257896038724485,deeprecon,KS,art,brain_diffuser,ic,adversarial,,5,80-20,500
4,clipvision_patches,0.0352825987199579,deeprecon,KS,art,brain_diffuser,ic,adversarial,,5,80-20,500
0,vdvae,0.0014454535069154,deeprecon,KS,test,brain_diffuser,ic,friendly,,5,80-20,500
1,cliptext_final,0.2558476012616312,deeprecon,KS,test,brain_diffuser,ic,friendly,,5,80-20,500
2,cliptext_tokens,0.2508248721491294,deeprecon,KS,test,brain_diffuser,ic,friendly,,5,80-20,500
3,clipvision_final,0.2096440897636042,deeprecon,KS,test,brain_diffuser,ic,friendly,,5,80-20,500
4,clipvision_patches,0.0776757896262131,deeprecon,KS,test,brain_diffuser,ic,friendly,,5,80-20,500
0,vdvae,0.0010057934084659,deeprecon,KS,art,brain_diffuser,ic,friendly,,5,80-20,500
1,cliptext_final,0.03255875092825,deeprecon,KS,art,brain_diffuser,ic,friendly,,5,80-20,500
2,cliptext_tokens,0.051260208718276,deeprecon,KS,art,brain_diffuser,ic,friendly,,5,80-20,500
3,clipvision_final,0.0325768355155546,deeprecon,KS,art,brain_diffuser,ic,friendly,,5,80-20,500
4,clipvision_patches,0.0348851929272901,deeprecon,KS,art,brain_diffuser,ic,friendly,,5,80-20,500
0,vdvae,0.0014454535069154,deeprecon,KS,test,brain_diffuser,ic,adversarial,,5,70-30,500
1,cliptext_final,0.2558476012616312,deeprecon,KS,test,brain_diffuser,ic,adversarial,,5,70-30,500
2,cliptext_tokens,0.2508248721491294,deeprecon,KS,test,brain_diffuser,ic,adversarial,,5,70-30,500
3,clipvision_final,0.1824849177876961,deeprecon,KS,test,brain_diffuser,ic,adversarial,,5,70-30,500
4,clipvision_patches,0.073048683189978,deeprecon,KS,test,brain_diffuser,ic,adversarial,,5,70-30,500
0,vdvae,0.0010057934084659,deeprecon,KS,art,brain_diffuser,ic,adversarial,,5,70-30,500
1,cliptext_final,0.03255875092825,deeprecon,KS,art,brain_diffuser,ic,adversarial,,5,70-30,500
2,cliptext_tokens,0.051260208718276,deeprecon,KS,art,brain_diffuser,ic,adversarial,,5,70-30,500
3,clipvision_final,0.0480902999054941,deeprecon,KS,art,brain_diffuser,ic,adversarial,,5,70-30,500
4,clipvision_patches,0.0374339489901748,deeprecon,KS,art,brain_diffuser,ic,adversarial,,5,70-30,500
0,vdvae,0.0014454535069154,deeprecon,KS,test,brain_diffuser,ic,friendly,,5,70-30,500
1,cliptext_final,0.2558476012616312,deeprecon,KS,test,brain_diffuser,ic,friendly,,5,70-30,500
2,cliptext_tokens,0.2508248721491294,deeprecon,KS,test,brain_diffuser,ic,friendly,,5,70-30,500
3,clipvision_final,0.2007811480835115,deeprecon,KS,test,brain_diffuser,ic,friendly,,5,70-30,500
4,clipvision_patches,0.0724076829611348,deeprecon,KS,test,brain_diffuser,ic,friendly,,5,70-30,500
0,vdvae,0.0010057934084659,deeprecon,KS,art,brain_diffuser,ic,friendly,,5,70-30,500
1,cliptext_final,0.03255875092825,deeprecon,KS,art,brain_diffuser,ic,friendly,,5,70-30,500
2,cliptext_tokens,0.051260208718276,deeprecon,KS,art,brain_diffuser,ic,friendly,,5,70-30,500
3,clipvision_final,0.0338644905883224,deeprecon,KS,art,brain_diffuser,ic,friendly,,5,70-30,500
4,clipvision_patches,0.0356470107366882,deeprecon,KS,art,brain_diffuser,ic,friendly,,5,70-30,500
0,vdvae,0.0014454535069154,deeprecon,KS,test,brain_diffuser,ic,adversarial,,5,50-50,500
1,cliptext_final,0.2558476012616312,deeprecon,KS,test,brain_diffuser,ic,adversarial,,5,50-50,500
2,cliptext_tokens,0.2508248721491294,deeprecon,KS,test,brain_diffuser,ic,adversarial,,5,50-50,500
3,clipvision_final,0.1646390042034047,deeprecon,KS,test,brain_diffuser,ic,adversarial,,5,50-50,500
4,clipvision_patches,0.0729020191449636,deeprecon,KS,test,brain_diffuser,ic,adversarial,,5,50-50,500
0,vdvae,0.0010057934084659,deeprecon,KS,art,brain_diffuser,ic,adversarial,,5,50-50,500
1,cliptext_final,0.03255875092825,deeprecon,KS,art,brain_diffuser,ic,adversarial,,5,50-50,500
2,cliptext_tokens,0.051260208718276,deeprecon,KS,art,brain_diffuser,ic,adversarial,,5,50-50,500
3,clipvision_final,0.0389592448335016,deeprecon,KS,art,brain_diffuser,ic,adversarial,,5,50-50,500
4,clipvision_patches,0.0361853563298321,deeprecon,KS,art,brain_diffuser,ic,adversarial,,5,50-50,500
0,vdvae,0.0014454535069154,deeprecon,KS,test,brain_diffuser,ic,friendly,,5,50-50,500
1,cliptext_final,0.2558476012616312,deeprecon,KS,test,brain_diffuser,ic,friendly,,5,50-50,500
2,cliptext_tokens,0.2508248721491294,deeprecon,KS,test,brain_diffuser,ic,friendly,,5,50-50,500
3,clipvision_final,0.1826054746275943,deeprecon,KS,test,brain_diffuser,ic,friendly,,5,50-50,500
4,clipvision_patches,0.0748002607867987,deeprecon,KS,test,brain_diffuser,ic,friendly,,5,50-50,500
0,vdvae,0.0010057934084659,deeprecon,KS,art,brain_diffuser,ic,friendly,,5,50-50,500
1,cliptext_final,0.03255875092825,deeprecon,KS,art,brain_diffuser,ic,friendly,,5,50-50,500
2,cliptext_tokens,0.051260208718276,deeprecon,KS,art,brain_diffuser,ic,friendly,,5,50-50,500
3,clipvision_final,0.0354591003962067,deeprecon,KS,art,brain_diffuser,ic,friendly,,5,50-50,500
4,clipvision_patches,0.0355845698364818,deeprecon,KS,art,brain_diffuser,ic,friendly,,5,50-50,500
0,vdvae,0.0014454535069154,deeprecon,KS,test,brain_diffuser,fgsm,adversarial,0.03,5,,
1,cliptext_final,0.2558476012616312,deeprecon,KS,test,brain_diffuser,fgsm,adversarial,0.03,5,,
2,cliptext_tokens,0.2508248721491294,deeprecon,KS,test,brain_diffuser,fgsm,adversarial,0.03,5,,
3,clipvision_final,0.213584864873871,deeprecon,KS,test,brain_diffuser,fgsm,adversarial,0.03,5,,
4,clipvision_patches,0.0840655894570276,deeprecon,KS,test,brain_diffuser,fgsm,adversarial,0.03,5,,
0,vdvae,0.0010057934084659,deeprecon,KS,art,brain_diffuser,fgsm,adversarial,0.03,5,,
1,cliptext_final,0.03255875092825,deeprecon,KS,art,brain_diffuser,fgsm,adversarial,0.03,5,,
2,cliptext_tokens,0.051260208718276,deeprecon,KS,art,brain_diffuser,fgsm,adversarial,0.03,5,,
3,clipvision_final,0.0262187454899181,deeprecon,KS,art,brain_diffuser,fgsm,adversarial,0.03,5,,
4,clipvision_patches,0.0378149793553851,deeprecon,KS,art,brain_diffuser,fgsm,adversarial,0.03,5,,
0,vdvae,0.0014454535069154,deeprecon,KS,test,brain_diffuser,fgsm,friendly,0.03,5,,
1,cliptext_final,0.2558476012616312,deeprecon,KS,test,brain_diffuser,fgsm,friendly,0.03,5,,
2,cliptext_tokens,0.2508248721491294,deeprecon,KS,test,brain_diffuser,fgsm,friendly,0.03,5,,
3,clipvision_final,0.2165326602490665,deeprecon,KS,test,brain_diffuser,fgsm,friendly,0.03,5,,
4,clipvision_patches,0.0822744174202303,deeprecon,KS,test,brain_diffuser,fgsm,friendly,0.03,5,,
0,vdvae,0.0010057934084659,deeprecon,KS,art,brain_diffuser,fgsm,friendly,0.03,5,,
1,cliptext_final,0.03255875092825,deeprecon,KS,art,brain_diffuser,fgsm,friendly,0.03,5,,
2,cliptext_tokens,0.051260208718276,deeprecon,KS,art,brain_diffuser,fgsm,friendly,0.03,5,,
3,clipvision_final,0.0253502558109797,deeprecon,KS,art,brain_diffuser,fgsm,friendly,0.03,5,,
4,clipvision_patches,0.0378592541634522,deeprecon,KS,art,brain_diffuser,fgsm,friendly,0.03,5,,
0,vdvae,0.0008130674636661,deeprecon,ES,test,brain_diffuser,NO_PERT,,,,,
1,cliptext_final,0.2780724714847875,deeprecon,ES,test,brain_diffuser,NO_PERT,,,,,
2,cliptext_tokens,0.270412758397955,deeprecon,ES,test,brain_diffuser,NO_PERT,,,,,
3,clipvision_final,0.2398393072050076,deeprecon,ES,test,brain_diffuser,NO_PERT,,,,,
4,clipvision_patches,0.0932072247677595,deeprecon,ES,test,brain_diffuser,NO_PERT,,,,,
0,vdvae,0.0004734029439754,deeprecon,ES,art,brain_diffuser,NO_PERT,,,,,
1,cliptext_final,0.0478186523217342,deeprecon,ES,art,brain_diffuser,NO_PERT,,,,,
2,cliptext_tokens,0.0589016005025498,deeprecon,ES,art,brain_diffuser,NO_PERT,,,,,
3,clipvision_final,0.0253209730737066,deeprecon,ES,art,brain_diffuser,NO_PERT,,,,,
4,clipvision_patches,0.0427280975040695,deeprecon,ES,art,brain_diffuser,NO_PERT,,,,,
0,vdvae,0.0008130674636661,deeprecon,ES,test,brain_diffuser,fgsm,friendly,0,5,,
1,cliptext_final,0.2780724714847875,deeprecon,ES,test,brain_diffuser,fgsm,friendly,0,5,,
2,cliptext_tokens,0.270412758397955,deeprecon,ES,test,brain_diffuser,fgsm,friendly,0,5,,
3,clipvision_final,0.2478833767430247,deeprecon,ES,test,brain_diffuser,fgsm,friendly,0,5,,
4,clipvision_patches,0.0868711994336118,deeprecon,ES,test,brain_diffuser,fgsm,friendly,0,5,,
0,vdvae,0.0004734029439754,deeprecon,ES,art,brain_diffuser,fgsm,friendly,0,5,,
1,cliptext_final,0.0478186523217342,deeprecon,ES,art,brain_diffuser,fgsm,friendly,0,5,,
2,cliptext_tokens,0.0589016005025498,deeprecon,ES,art,brain_diffuser,fgsm,friendly,0,5,,
3,clipvision_final,0.019805500563216,deeprecon,ES,art,brain_diffuser,fgsm,friendly,0,5,,
4,clipvision_patches,0.036676526902552,deeprecon,ES,art,brain_diffuser,fgsm,friendly,0,5,,
0,vdvae,0.0008130674636661,deeprecon,ES,test,brain_diffuser,ic,adversarial,,5,90-10,500
1,cliptext_final,0.2780724714847875,deeprecon,ES,test,brain_diffuser,ic,adversarial,,5,90-10,500
2,cliptext_tokens,0.270412758397955,deeprecon,ES,test,brain_diffuser,ic,adversarial,,5,90-10,500
3,clipvision_final,0.2321397803923293,deeprecon,ES,test,brain_diffuser,ic,adversarial,,5,90-10,500
4,clipvision_patches,0.0842584261803509,deeprecon,ES,test,brain_diffuser,ic,adversarial,,5,90-10,500
0,vdvae,0.0004734029439754,deeprecon,ES,art,brain_diffuser,ic,adversarial,,5,90-10,500
1,cliptext_final,0.0478186523217342,deeprecon,ES,art,brain_diffuser,ic,adversarial,,5,90-10,500
2,cliptext_tokens,0.0589016005025498,deeprecon,ES,art,brain_diffuser,ic,adversarial,,5,90-10,500
3,clipvision_final,0.020029355706164,deeprecon,ES,art,brain_diffuser,ic,adversarial,,5,90-10,500
4,clipvision_patches,0.0351835789300014,deeprecon,ES,art,brain_diffuser,ic,adversarial,,5,90-10,500
0,vdvae,0.0008130674636661,deeprecon,ES,test,brain_diffuser,ic,friendly,,5,90-10,500
1,cliptext_final,0.2780724714847875,deeprecon,ES,test,brain_diffuser,ic,friendly,,5,90-10,500
2,cliptext_tokens,0.270412758397955,deeprecon,ES,test,brain_diffuser,ic,friendly,,5,90-10,500
3,clipvision_final,0.2362188254731194,deeprecon,ES,test,brain_diffuser,ic,friendly,,5,90-10,500
4,clipvision_patches,0.08396090873033,deeprecon,ES,test,brain_diffuser,ic,friendly,,5,90-10,500
0,vdvae,0.0004734029439754,deeprecon,ES,art,brain_diffuser,ic,friendly,,5,90-10,500
1,cliptext_final,0.0478186523217342,deeprecon,ES,art,brain_diffuser,ic,friendly,,5,90-10,500
2,cliptext_tokens,0.0589016005025498,deeprecon,ES,art,brain_diffuser,ic,friendly,,5,90-10,500
3,clipvision_final,0.023605699385999,deeprecon,ES,art,brain_diffuser,ic,friendly,,5,90-10,500
4,clipvision_patches,0.0331451156816082,deeprecon,ES,art,brain_diffuser,ic,friendly,,5,90-10,500
0,vdvae,0.0008130674636661,deeprecon,ES,test,brain_diffuser,ic,adversarial,,5,80-20,500
1,cliptext_final,0.2780724714847875,deeprecon,ES,test,brain_diffuser,ic,adversarial,,5,80-20,500
2,cliptext_tokens,0.270412758397955,deeprecon,ES,test,brain_diffuser,ic,adversarial,,5,80-20,500
3,clipvision_final,0.2276991982710793,deeprecon,ES,test,brain_diffuser,ic,adversarial,,5,80-20,500
4,clipvision_patches,0.0877793567862804,deeprecon,ES,test,brain_diffuser,ic,adversarial,,5,80-20,500
0,vdvae,0.0004734029439754,deeprecon,ES,art,brain_diffuser,ic,adversarial,,5,80-20,500
1,cliptext_final,0.0478186523217342,deeprecon,ES,art,brain_diffuser,ic,adversarial,,5,80-20,500
2,cliptext_tokens,0.0589016005025498,deeprecon,ES,art,brain_diffuser,ic,adversarial,,5,80-20,500
3,clipvision_final,0.0277302151890047,deeprecon,ES,art,brain_diffuser,ic,adversarial,,5,80-20,500
4,clipvision_patches,0.0349642168435572,deeprecon,ES,art,brain_diffuser,ic,adversarial,,5,80-20,500
0,vdvae,0.0008130674636661,deeprecon,ES,test,brain_diffuser,ic,friendly,,5,80-20,500
1,cliptext_final,0.2780724714847875,deeprecon,ES,test,brain_diffuser,ic,friendly,,5,80-20,500
2,cliptext_tokens,0.270412758397955,deeprecon,ES,test,brain_diffuser,ic,friendly,,5,80-20,500
3,clipvision_final,0.2291882925860706,deeprecon,ES,test,brain_diffuser,ic,friendly,,5,80-20,500
4,clipvision_patches,0.0869495782598605,deeprecon,ES,test,brain_diffuser,ic,friendly,,5,80-20,500
0,vdvae,0.0004734029439754,deeprecon,ES,art,brain_diffuser,ic,friendly,,5,80-20,500
1,cliptext_final,0.0478186523217342,deeprecon,ES,art,brain_diffuser,ic,friendly,,5,80-20,500
2,cliptext_tokens,0.0589016005025498,deeprecon,ES,art,brain_diffuser,ic,friendly,,5,80-20,500
3,clipvision_final,0.0225901186950783,deeprecon,ES,art,brain_diffuser,ic,friendly,,5,80-20,500
4,clipvision_patches,0.033480676861843,deeprecon,ES,art,brain_diffuser,ic,friendly,,5,80-20,500
0,vdvae,0.0008130674636661,deeprecon,ES,test,brain_diffuser,ic,adversarial,,5,70-30,500
1,cliptext_final,0.2780724714847875,deeprecon,ES,test,brain_diffuser,ic,adversarial,,5,70-30,500
2,cliptext_tokens,0.270412758397955,deeprecon,ES,test,brain_diffuser,ic,adversarial,,5,70-30,500
3,clipvision_final,0.2058712667639509,deeprecon,ES,test,brain_diffuser,ic,adversarial,,5,70-30,500
4,clipvision_patches,0.0816661927696173,deeprecon,ES,test,brain_diffuser,ic,adversarial,,5,70-30,500
0,vdvae,0.0004734029439754,deeprecon,ES,art,brain_diffuser,ic,adversarial,,5,70-30,500
1,cliptext_final,0.0478186523217342,deeprecon,ES,art,brain_diffuser,ic,adversarial,,5,70-30,500
2,cliptext_tokens,0.0589016005025498,deeprecon,ES,art,brain_diffuser,ic,adversarial,,5,70-30,500
3,clipvision_final,0.0223656236250069,deeprecon,ES,art,brain_diffuser,ic,adversarial,,5,70-30,500
4,clipvision_patches,0.0359305710973327,deeprecon,ES,art,brain_diffuser,ic,adversarial,,5,70-30,500
0,vdvae,0.0008130674636661,deeprecon,ES,test,brain_diffuser,ic,friendly,,5,70-30,500
1,cliptext_final,0.2780724714847875,deeprecon,ES,test,brain_diffuser,ic,friendly,,5,70-30,500
2,cliptext_tokens,0.270412758397955,deeprecon,ES,test,brain_diffuser,ic,friendly,,5,70-30,500
3,clipvision_final,0.2170060000910783,deeprecon,ES,test,brain_diffuser,ic,friendly,,5,70-30,500
4,clipvision_patches,0.0821989064731802,deeprecon,ES,test,brain_diffuser,ic,friendly,,5,70-30,500
0,vdvae,0.0004734029439754,deeprecon,ES,art,brain_diffuser,ic,friendly,,5,70-30,500
1,cliptext_final,0.0478186523217342,deeprecon,ES,art,brain_diffuser,ic,friendly,,5,70-30,500
2,cliptext_tokens,0.0589016005025498,deeprecon,ES,art,brain_diffuser,ic,friendly,,5,70-30,500
3,clipvision_final,0.0298955308252827,deeprecon,ES,art,brain_diffuser,ic,friendly,,5,70-30,500
4,clipvision_patches,0.0334879157941058,deeprecon,ES,art,brain_diffuser,ic,friendly,,5,70-30,500
0,vdvae,0.0008130674636661,deeprecon,ES,test,brain_diffuser,ic,adversarial,,5,50-50,500
1,cliptext_final,0.2780724714847875,deeprecon,ES,test,brain_diffuser,ic,adversarial,,5,50-50,500
2,cliptext_tokens,0.270412758397955,deeprecon,ES,test,brain_diffuser,ic,adversarial,,5,50-50,500
3,clipvision_final,0.1810748903863339,deeprecon,ES,test,brain_diffuser,ic,adversarial,,5,50-50,500
4,clipvision_patches,0.0817513268521782,deeprecon,ES,test,brain_diffuser,ic,adversarial,,5,50-50,500
0,vdvae,0.0004734029439754,deeprecon,ES,art,brain_diffuser,ic,adversarial,,5,50-50,500
1,cliptext_final,0.0478186523217342,deeprecon,ES,art,brain_diffuser,ic,adversarial,,5,50-50,500
2,cliptext_tokens,0.0589016005025498,deeprecon,ES,art,brain_diffuser,ic,adversarial,,5,50-50,500
3,clipvision_final,0.0264766000722665,deeprecon,ES,art,brain_diffuser,ic,adversarial,,5,50-50,500
4,clipvision_patches,0.0344263447427281,deeprecon,ES,art,brain_diffuser,ic,adversarial,,5,50-50,500
0,vdvae,0.0008130674636661,deeprecon,ES,test,brain_diffuser,ic,friendly,,5,50-50,500
1,cliptext_final,0.2780724714847875,deeprecon,ES,test,brain_diffuser,ic,friendly,,5,50-50,500
2,cliptext_tokens,0.270412758397955,deeprecon,ES,test,brain_diffuser,ic,friendly,,5,50-50,500
3,clipvision_final,0.1900318673998969,deeprecon,ES,test,brain_diffuser,ic,friendly,,5,50-50,500
4,clipvision_patches,0.0836867793217013,deeprecon,ES,test,brain_diffuser,ic,friendly,,5,50-50,500
0,vdvae,0.0004734029439754,deeprecon,ES,art,brain_diffuser,ic,friendly,,5,50-50,500
1,cliptext_final,0.0478186523217342,deeprecon,ES,art,brain_diffuser,ic,friendly,,5,50-50,500
2,cliptext_tokens,0.0589016005025498,deeprecon,ES,art,brain_diffuser,ic,friendly,,5,50-50,500
3,clipvision_final,0.0340065790651501,deeprecon,ES,art,brain_diffuser,ic,friendly,,5,50-50,500
4,clipvision_patches,0.0345195463205187,deeprecon,ES,art,brain_diffuser,ic,friendly,,5,50-50,500
0,vdvae,0.0008130674636661,deeprecon,ES,test,brain_diffuser,fgsm,adversarial,0.03,5,,
1,cliptext_final,0.2780724714847875,deeprecon,ES,test,brain_diffuser,fgsm,adversarial,0.03,5,,
2,cliptext_tokens,0.270412758397955,deeprecon,ES,test,brain_diffuser,fgsm,adversarial,0.03,5,,
3,clipvision_final,0.2333539597900747,deeprecon,ES,test,brain_diffuser,fgsm,adversarial,0.03,5,,
4,clipvision_patches,0.0922776755377512,deeprecon,ES,test,brain_diffuser,fgsm,adversarial,0.03,5,,
0,vdvae,0.0004734029439754,deeprecon,ES,art,brain_diffuser,fgsm,adversarial,0.03,5,,
1,cliptext_final,0.0478186523217342,deeprecon,ES,art,brain_diffuser,fgsm,adversarial,0.03,5,,
2,cliptext_tokens,0.0589016005025498,deeprecon,ES,art,brain_diffuser,fgsm,adversarial,0.03,5,,
3,clipvision_final,0.0234062060902462,deeprecon,ES,art,brain_diffuser,fgsm,adversarial,0.03,5,,
4,clipvision_patches,0.0371649250637681,deeprecon,ES,art,brain_diffuser,fgsm,adversarial,0.03,5,,
0,vdvae,0.0008130674636661,deeprecon,ES,test,brain_diffuser,fgsm,friendly,0.03,5,,
1,cliptext_final,0.2780724714847875,deeprecon,ES,test,brain_diffuser,fgsm,friendly,0.03,5,,
2,cliptext_tokens,0.270412758397955,deeprecon,ES,test,brain_diffuser,fgsm,friendly,0.03,5,,
3,clipvision_final,0.233460124044886,deeprecon,ES,test,brain_diffuser,fgsm,friendly,0.03,5,,
4,clipvision_patches,0.0903501308571447,deeprecon,ES,test,brain_diffuser,fgsm,friendly,0.03,5,,
0,vdvae,0.0004734029439754,deeprecon,ES,art,brain_diffuser,fgsm,friendly,0.03,5,,
1,cliptext_final,0.0478186523217342,deeprecon,ES,art,brain_diffuser,fgsm,friendly,0.03,5,,
2,cliptext_tokens,0.0589016005025498,deeprecon,ES,art,brain_diffuser,fgsm,friendly,0.03,5,,
3,clipvision_final,0.0240663376384678,deeprecon,ES,art,brain_diffuser,fgsm,friendly,0.03,5,,
4,clipvision_patches,0.0356957457879609,deeprecon,ES,art,brain_diffuser,fgsm,friendly,0.03,5,,
0,vdvae,0.0008293445328541,deeprecon,JK,test,brain_diffuser,NO_PERT,,,,,
1,cliptext_final,0.2625327665162527,deeprecon,JK,test,brain_diffuser,NO_PERT,,,,,
2,cliptext_tokens,0.2569457062446137,deeprecon,JK,test,brain_diffuser,NO_PERT,,,,,
3,clipvision_final,0.2164704120609432,deeprecon,JK,test,brain_diffuser,NO_PERT,,,,,
4,clipvision_patches,0.0857074531092917,deeprecon,JK,test,brain_diffuser,NO_PERT,,,,,
0,vdvae,0.0002244844750728,deeprecon,JK,art,brain_diffuser,NO_PERT,,,,,
1,cliptext_final,0.025907488543502,deeprecon,JK,art,brain_diffuser,NO_PERT,,,,,
2,cliptext_tokens,0.0374040688102292,deeprecon,JK,art,brain_diffuser,NO_PERT,,,,,
3,clipvision_final,0.0206615461186872,deeprecon,JK,art,brain_diffuser,NO_PERT,,,,,
4,clipvision_patches,0.0494550097968886,deeprecon,JK,art,brain_diffuser,NO_PERT,,,,,
0,vdvae,0.0008293445328541,deeprecon,JK,test,brain_diffuser,fgsm,friendly,0,5,,
1,cliptext_final,0.2625327665162527,deeprecon,JK,test,brain_diffuser,fgsm,friendly,0,5,,
2,cliptext_tokens,0.2569457062446137,deeprecon,JK,test,brain_diffuser,fgsm,friendly,0,5,,
3,clipvision_final,0.2267882125002183,deeprecon,JK,test,brain_diffuser,fgsm,friendly,0,5,,
4,clipvision_patches,0.0805556823553036,deeprecon,JK,test,brain_diffuser,fgsm,friendly,0,5,,
0,vdvae,0.0002244844750728,deeprecon,JK,art,brain_diffuser,fgsm,friendly,0,5,,
1,cliptext_final,0.025907488543502,deeprecon,JK,art,brain_diffuser,fgsm,friendly,0,5,,
2,cliptext_tokens,0.0374040688102292,deeprecon,JK,art,brain_diffuser,fgsm,friendly,0,5,,
3,clipvision_final,0.0233310921690288,deeprecon,JK,art,brain_diffuser,fgsm,friendly,0,5,,
4,clipvision_patches,0.0458731928975274,deeprecon,JK,art,brain_diffuser,fgsm,friendly,0,5,,
0,vdvae,0.0008293445328541,deeprecon,JK,test,brain_diffuser,ic,adversarial,,5,90-10,500
1,cliptext_final,0.2625327665162527,deeprecon,JK,test,brain_diffuser,ic,adversarial,,5,90-10,500
2,cliptext_tokens,0.2569457062446137,deeprecon,JK,test,brain_diffuser,ic,adversarial,,5,90-10,500
3,clipvision_final,0.2147944626953242,deeprecon,JK,test,brain_diffuser,ic,adversarial,,5,90-10,500
4,clipvision_patches,0.0794820541739674,deeprecon,JK,test,brain_diffuser,ic,adversarial,,5,90-10,500
0,vdvae,0.0002244844750728,deeprecon,JK,art,brain_diffuser,ic,adversarial,,5,90-10,500
1,cliptext_final,0.025907488543502,deeprecon,JK,art,brain_diffuser,ic,adversarial,,5,90-10,500
2,cliptext_tokens,0.0374040688102292,deeprecon,JK,art,brain_diffuser,ic,adversarial,,5,90-10,500
3,clipvision_final,0.0342526433479496,deeprecon,JK,art,brain_diffuser,ic,adversarial,,5,90-10,500
4,clipvision_patches,0.0442320131690366,deeprecon,JK,art,brain_diffuser,ic,adversarial,,5,90-10,500
0,vdvae,0.0008293445328541,deeprecon,JK,test,brain_diffuser,ic,friendly,,5,90-10,500
1,cliptext_final,0.2625327665162527,deeprecon,JK,test,brain_diffuser,ic,friendly,,5,90-10,500
2,cliptext_tokens,0.2569457062446137,deeprecon,JK,test,brain_diffuser,ic,friendly,,5,90-10,500
3,clipvision_final,0.2169287337866547,deeprecon,JK,test,brain_diffuser,ic,friendly,,5,90-10,500
4,clipvision_patches,0.077781295751302,deeprecon,JK,test,brain_diffuser,ic,friendly,,5,90-10,500
0,vdvae,0.0002244844750728,deeprecon,JK,art,brain_diffuser,ic,friendly,,5,90-10,500
1,cliptext_final,0.025907488543502,deeprecon,JK,art,brain_diffuser,ic,friendly,,5,90-10,500
2,cliptext_tokens,0.0374040688102292,deeprecon,JK,art,brain_diffuser,ic,friendly,,5,90-10,500
3,clipvision_final,0.0284263829796385,deeprecon,JK,art,brain_diffuser,ic,friendly,,5,90-10,500
4,clipvision_patches,0.0425773690769261,deeprecon,JK,art,brain_diffuser,ic,friendly,,5,90-10,500
0,vdvae,0.0008293445328541,deeprecon,JK,test,brain_diffuser,ic,adversarial,,5,80-20,500
1,cliptext_final,0.2625327665162527,deeprecon,JK,test,brain_diffuser,ic,adversarial,,5,80-20,500
2,cliptext_tokens,0.2569457062446137,deeprecon,JK,test,brain_diffuser,ic,adversarial,,5,80-20,500
3,clipvision_final,0.2071491822763796,deeprecon,JK,test,brain_diffuser,ic,adversarial,,5,80-20,500
4,clipvision_patches,0.0822440311351773,deeprecon,JK,test,brain_diffuser,ic,adversarial,,5,80-20,500
0,vdvae,0.0002244844750728,deeprecon,JK,art,brain_diffuser,ic,adversarial,,5,80-20,500
1,cliptext_final,0.025907488543502,deeprecon,JK,art,brain_diffuser,ic,adversarial,,5,80-20,500
2,cliptext_tokens,0.0374040688102292,deeprecon,JK,art,brain_diffuser,ic,adversarial,,5,80-20,500
3,clipvision_final,0.0345130786626929,deeprecon,JK,art,brain_diffuser,ic,adversarial,,5,80-20,500
4,clipvision_patches,0.0437370057986619,deeprecon,JK,art,brain_diffuser,ic,adversarial,,5,80-20,500
0,vdvae,0.0008293445328541,deeprecon,JK,test,brain_diffuser,ic,friendly,,5,80-20,500
1,cliptext_final,0.2625327665162527,deeprecon,JK,test,brain_diffuser,ic,friendly,,5,80-20,500
2,cliptext_tokens,0.2569457062446137,deeprecon,JK,test,brain_diffuser,ic,friendly,,5,80-20,500
3,clipvision_final,0.2097234015647574,deeprecon,JK,test,brain_diffuser,ic,friendly,,5,80-20,500
4,clipvision_patches,0.081154221615969,deeprecon,JK,test,brain_diffuser,ic,friendly,,5,80-20,500
0,vdvae,0.0002244844750728,deeprecon,JK,art,brain_diffuser,ic,friendly,,5,80-20,500
1,cliptext_final,0.025907488543502,deeprecon,JK,art,brain_diffuser,ic,friendly,,5,80-20,500
2,cliptext_tokens,0.0374040688102292,deeprecon,JK,art,brain_diffuser,ic,friendly,,5,80-20,500
3,clipvision_final,0.0289299325631462,deeprecon,JK,art,brain_diffuser,ic,friendly,,5,80-20,500
4,clipvision_patches,0.0424258695814427,deeprecon,JK,art,brain_diffuser,ic,friendly,,5,80-20,500
0,vdvae,0.0008293445328541,deeprecon,JK,test,brain_diffuser,ic,adversarial,,5,70-30,500
1,cliptext_final,0.2625327665162527,deeprecon,JK,test,brain_diffuser,ic,adversarial,,5,70-30,500
2,cliptext_tokens,0.2569457062446137,deeprecon,JK,test,brain_diffuser,ic,adversarial,,5,70-30,500
3,clipvision_final,0.1909786634620944,deeprecon,JK,test,brain_diffuser,ic,adversarial,,5,70-30,500
4,clipvision_patches,0.0775052013406326,deeprecon,JK,test,brain_diffuser,ic,adversarial,,5,70-30,500
0,vdvae,0.0002244844750728,deeprecon,JK,art,brain_diffuser,ic,adversarial,,5,70-30,500
1,cliptext_final,0.025907488543502,deeprecon,JK,art,brain_diffuser,ic,adversarial,,5,70-30,500
2,cliptext_tokens,0.0374040688102292,deeprecon,JK,art,brain_diffuser,ic,adversarial,,5,70-30,500
3,clipvision_final,0.0392062915911005,deeprecon,JK,art,brain_diffuser,ic,adversarial,,5,70-30,500
4,clipvision_patches,0.0485825225467243,deeprecon,JK,art,brain_diffuser,ic,adversarial,,5,70-30,500
0,vdvae,0.0008293445328541,deeprecon,JK,test,brain_diffuser,ic,friendly,,5,70-30,500
1,cliptext_final,0.2625327665162527,deeprecon,JK,test,brain_diffuser,ic,friendly,,5,70-30,500
2,cliptext_tokens,0.2569457062446137,deeprecon,JK,test,brain_diffuser,ic,friendly,,5,70-30,500
3,clipvision_final,0.2035303806482954,deeprecon,JK,test,brain_diffuser,ic,friendly,,5,70-30,500
4,clipvision_patches,0.0768971735579929,deeprecon,JK,test,brain_diffuser,ic,friendly,,5,70-30,500
0,vdvae,0.0002244844750728,deeprecon,JK,art,brain_diffuser,ic,friendly,,5,70-30,500
1,cliptext_final,0.025907488543502,deeprecon,JK,art,brain_diffuser,ic,friendly,,5,70-30,500
2,cliptext_tokens,0.0374040688102292,deeprecon,JK,art,brain_diffuser,ic,friendly,,5,70-30,500
3,clipvision_final,0.0334121483862885,deeprecon,JK,art,brain_diffuser,ic,friendly,,5,70-30,500
4,clipvision_patches,0.0422049491330697,deeprecon,JK,art,brain_diffuser,ic,friendly,,5,70-30,500
0,vdvae,0.0008293445328541,deeprecon,JK,test,brain_diffuser,ic,adversarial,,5,50-50,500
1,cliptext_final,0.2625327665162527,deeprecon,JK,test,brain_diffuser,ic,adversarial,,5,50-50,500
2,cliptext_tokens,0.2569457062446137,deeprecon,JK,test,brain_diffuser,ic,adversarial,,5,50-50,500
3,clipvision_final,0.164080700850475,deeprecon,JK,test,brain_diffuser,ic,adversarial,,5,50-50,500
4,clipvision_patches,0.0773818817181388,deeprecon,JK,test,brain_diffuser,ic,adversarial,,5,50-50,500
0,vdvae,0.0002244844750728,deeprecon,JK,art,brain_diffuser,ic,adversarial,,5,50-50,500
1,cliptext_final,0.025907488543502,deeprecon,JK,art,brain_diffuser,ic,adversarial,,5,50-50,500
2,cliptext_tokens,0.0374040688102292,deeprecon,JK,art,brain_diffuser,ic,adversarial,,5,50-50,500
3,clipvision_final,0.0342904717929496,deeprecon,JK,art,brain_diffuser,ic,adversarial,,5,50-50,500
4,clipvision_patches,0.0444648693608202,deeprecon,JK,art,brain_diffuser,ic,adversarial,,5,50-50,500
0,vdvae,0.0008293445328541,deeprecon,JK,test,brain_diffuser,ic,friendly,,5,50-50,500
1,cliptext_final,0.2625327665162527,deeprecon,JK,test,brain_diffuser,ic,friendly,,5,50-50,500
2,cliptext_tokens,0.2569457062446137,deeprecon,JK,test,brain_diffuser,ic,friendly,,5,50-50,500
3,clipvision_final,0.1819251471027927,deeprecon,JK,test,brain_diffuser,ic,friendly,,5,50-50,500
4,clipvision_patches,0.0785508863610403,deeprecon,JK,test,brain_diffuser,ic,friendly,,5,50-50,500
0,vdvae,0.0002244844750728,deeprecon,JK,art,brain_diffuser,ic,friendly,,5,50-50,500
1,cliptext_final,0.025907488543502,deeprecon,JK,art,brain_diffuser,ic,friendly,,5,50-50,500
2,cliptext_tokens,0.0374040688102292,deeprecon,JK,art,brain_diffuser,ic,friendly,,5,50-50,500
3,clipvision_final,0.0414592484205307,deeprecon,JK,art,brain_diffuser,ic,friendly,,5,50-50,500
4,clipvision_patches,0.0446172451653262,deeprecon,JK,art,brain_diffuser,ic,friendly,,5,50-50,500
0,vdvae,0.0008293445328541,deeprecon,JK,test,brain_diffuser,fgsm,adversarial,0.03,5,,
1,cliptext_final,0.2625327665162527,deeprecon,JK,test,brain_diffuser,fgsm,adversarial,0.03,5,,
2,cliptext_tokens,0.2569457062446137,deeprecon,JK,test,brain_diffuser,fgsm,adversarial,0.03,5,,
3,clipvision_final,0.2150754922739488,deeprecon,JK,test,brain_diffuser,fgsm,adversarial,0.03,5,,
4,clipvision_patches,0.0867860799682631,deeprecon,JK,test,brain_diffuser,fgsm,adversarial,0.03,5,,
0,vdvae,0.0002244844750728,deeprecon,JK,art,brain_diffuser,fgsm,adversarial,0.03,5,,
1,cliptext_final,0.025907488543502,deeprecon,JK,art,brain_diffuser,fgsm,adversarial,0.03,5,,
2,cliptext_tokens,0.0374040688102292,deeprecon,JK,art,brain_diffuser,fgsm,adversarial,0.03,5,,
3,clipvision_final,0.0364389714149014,deeprecon,JK,art,brain_diffuser,fgsm,adversarial,0.03,5,,
4,clipvision_patches,0.0468018680374399,deeprecon,JK,art,brain_diffuser,fgsm,adversarial,0.03,5,,
0,vdvae,0.0008293445328541,deeprecon,JK,test,brain_diffuser,fgsm,friendly,0.03,5,,
1,cliptext_final,0.2625327665162527,deeprecon,JK,test,brain_diffuser,fgsm,friendly,0.03,5,,
2,cliptext_tokens,0.2569457062446137,deeprecon,JK,test,brain_diffuser,fgsm,friendly,0.03,5,,
3,clipvision_final,0.2157837750032246,deeprecon,JK,test,brain_diffuser,fgsm,friendly,0.03,5,,
4,clipvision_patches,0.0849073213777165,deeprecon,JK,test,brain_diffuser,fgsm,friendly,0.03,5,,
0,vdvae,0.0002244844750728,deeprecon,JK,art,brain_diffuser,fgsm,friendly,0.03,5,,
1,cliptext_final,0.025907488543502,deeprecon,JK,art,brain_diffuser,fgsm,friendly,0.03,5,,
2,cliptext_tokens,0.0374040688102292,deeprecon,JK,art,brain_diffuser,fgsm,friendly,0.03,5,,
3,clipvision_final,0.0280361543167249,deeprecon,JK,art,brain_diffuser,fgsm,friendly,0.03,5,,
4,clipvision_patches,0.0461975716033947,deeprecon,JK,art,brain_diffuser,fgsm,friendly,0.03,5,,
0,vdvae,0.0003886268086613,deeprecon,TH,test,brain_diffuser,NO_PERT,,,,,
1,cliptext_final,0.2388539237483492,deeprecon,TH,test,brain_diffuser,NO_PERT,,,,,
2,cliptext_tokens,0.2347889460423573,deeprecon,TH,test,brain_diffuser,NO_PERT,,,,,
3,clipvision_final,0.1984578298416035,deeprecon,TH,test,brain_diffuser,NO_PERT,,,,,
4,clipvision_patches,0.0784653122628871,deeprecon,TH,test,brain_diffuser,NO_PERT,,,,,
0,vdvae,0.0007486946736459,deeprecon,TH,art,brain_diffuser,NO_PERT,,,,,
1,cliptext_final,0.0376248280102165,deeprecon,TH,art,brain_diffuser,NO_PERT,,,,,
2,cliptext_tokens,0.0596601238468886,deeprecon,TH,art,brain_diffuser,NO_PERT,,,,,
3,clipvision_final,0.0203276809472884,deeprecon,TH,art,brain_diffuser,NO_PERT,,,,,
4,clipvision_patches,0.0440239975422875,deeprecon,TH,art,brain_diffuser,NO_PERT,,,,,
0,vdvae,0.0003886268086613,deeprecon,TH,test,brain_diffuser,fgsm,friendly,0,5,,
1,cliptext_final,0.2388539237483492,deeprecon,TH,test,brain_diffuser,fgsm,friendly,0,5,,
2,cliptext_tokens,0.2347889460423573,deeprecon,TH,test,brain_diffuser,fgsm,friendly,0,5,,
3,clipvision_final,0.2096467792697379,deeprecon,TH,test,brain_diffuser,fgsm,friendly,0,5,,
4,clipvision_patches,0.0753465907020965,deeprecon,TH,test,brain_diffuser,fgsm,friendly,0,5,,
0,vdvae,0.0007486946736459,deeprecon,TH,art,brain_diffuser,fgsm,friendly,0,5,,
1,cliptext_final,0.0376248280102165,deeprecon,TH,art,brain_diffuser,fgsm,friendly,0,5,,
2,cliptext_tokens,0.0596601238468886,deeprecon,TH,art,brain_diffuser,fgsm,friendly,0,5,,
3,clipvision_final,0.0187570402788588,deeprecon,TH,art,brain_diffuser,fgsm,friendly,0,5,,
4,clipvision_patches,0.0367471596269042,deeprecon,TH,art,brain_diffuser,fgsm,friendly,0,5,,
0,vdvae,0.0003886268086613,deeprecon,TH,test,brain_diffuser,ic,adversarial,,5,90-10,500
1,cliptext_final,0.2388539237483492,deeprecon,TH,test,brain_diffuser,ic,adversarial,,5,90-10,500
2,cliptext_tokens,0.2347889460423573,deeprecon,TH,test,brain_diffuser,ic,adversarial,,5,90-10,500
3,clipvision_final,0.2021003793865955,deeprecon,TH,test,brain_diffuser,ic,adversarial,,5,90-10,500
4,clipvision_patches,0.0735496266642542,deeprecon,TH,test,brain_diffuser,ic,adversarial,,5,90-10,500
0,vdvae,0.0007486946736459,deeprecon,TH,art,brain_diffuser,ic,adversarial,,5,90-10,500
1,cliptext_final,0.0376248280102165,deeprecon,TH,art,brain_diffuser,ic,adversarial,,5,90-10,500
2,cliptext_tokens,0.0596601238468886,deeprecon,TH,art,brain_diffuser,ic,adversarial,,5,90-10,500
3,clipvision_final,0.0260150375727649,deeprecon,TH,art,brain_diffuser,ic,adversarial,,5,90-10,500
4,clipvision_patches,0.0360905106802933,deeprecon,TH,art,brain_diffuser,ic,adversarial,,5,90-10,500
0,vdvae,0.0003886268086613,deeprecon,TH,test,brain_diffuser,ic,friendly,,5,90-10,500
1,cliptext_final,0.2388539237483492,deeprecon,TH,test,brain_diffuser,ic,friendly,,5,90-10,500
2,cliptext_tokens,0.2347889460423573,deeprecon,TH,test,brain_diffuser,ic,friendly,,5,90-10,500
3,clipvision_final,0.2041617987099101,deeprecon,TH,test,brain_diffuser,ic,friendly,,5,90-10,500
4,clipvision_patches,0.0725246284753822,deeprecon,TH,test,brain_diffuser,ic,friendly,,5,90-10,500
0,vdvae,0.0007486946736459,deeprecon,TH,art,brain_diffuser,ic,friendly,,5,90-10,500
1,cliptext_final,0.0376248280102165,deeprecon,TH,art,brain_diffuser,ic,friendly,,5,90-10,500
2,cliptext_tokens,0.0596601238468886,deeprecon,TH,art,brain_diffuser,ic,friendly,,5,90-10,500
3,clipvision_final,0.0217822897757317,deeprecon,TH,art,brain_diffuser,ic,friendly,,5,90-10,500
4,clipvision_patches,0.0339863303959146,deeprecon,TH,art,brain_diffuser,ic,friendly,,5,90-10,500
0,vdvae,0.0003886268086613,deeprecon,TH,test,brain_diffuser,ic,adversarial,,5,80-20,500
1,cliptext_final,0.2388539237483492,deeprecon,TH,test,brain_diffuser,ic,adversarial,,5,80-20,500
2,cliptext_tokens,0.2347889460423573,deeprecon,TH,test,brain_diffuser,ic,adversarial,,5,80-20,500
3,clipvision_final,0.1960316234127419,deeprecon,TH,test,brain_diffuser,ic,adversarial,,5,80-20,500
4,clipvision_patches,0.0768992616675611,deeprecon,TH,test,brain_diffuser,ic,adversarial,,5,80-20,500
0,vdvae,0.0007486946736459,deeprecon,TH,art,brain_diffuser,ic,adversarial,,5,80-20,500
1,cliptext_final,0.0376248280102165,deeprecon,TH,art,brain_diffuser,ic,adversarial,,5,80-20,500
2,cliptext_tokens,0.0596601238468886,deeprecon,TH,art,brain_diffuser,ic,adversarial,,5,80-20,500
3,clipvision_final,0.0256278272799432,deeprecon,TH,art,brain_diffuser,ic,adversarial,,5,80-20,500
4,clipvision_patches,0.0374027531895786,deeprecon,TH,art,brain_diffuser,ic,adversarial,,5,80-20,500
0,vdvae,0.0003886268086613,deeprecon,TH,test,brain_diffuser,ic,friendly,,5,80-20,500
1,cliptext_final,0.2388539237483492,deeprecon,TH,test,brain_diffuser,ic,friendly,,5,80-20,500
2,cliptext_tokens,0.2347889460423573,deeprecon,TH,test,brain_diffuser,ic,friendly,,5,80-20,500
3,clipvision_final,0.1973298776360104,deeprecon,TH,test,brain_diffuser,ic,friendly,,5,80-20,500
4,clipvision_patches,0.0760373760771653,deeprecon,TH,test,brain_diffuser,ic,friendly,,5,80-20,500
0,vdvae,0.0007486946736459,deeprecon,TH,art,brain_diffuser,ic,friendly,,5,80-20,500
1,cliptext_final,0.0376248280102165,deeprecon,TH,art,brain_diffuser,ic,friendly,,5,80-20,500
2,cliptext_tokens,0.0596601238468886,deeprecon,TH,art,brain_diffuser,ic,friendly,,5,80-20,500
3,clipvision_final,0.0265086979428204,deeprecon,TH,art,brain_diffuser,ic,friendly,,5,80-20,500
4,clipvision_patches,0.0360555020136662,deeprecon,TH,art,brain_diffuser,ic,friendly,,5,80-20,500
0,vdvae,0.0003886268086613,deeprecon,TH,test,brain_diffuser,ic,adversarial,,5,70-30,500
1,cliptext_final,0.2388539237483492,deeprecon,TH,test,brain_diffuser,ic,adversarial,,5,70-30,500
2,cliptext_tokens,0.2347889460423573,deeprecon,TH,test,brain_diffuser,ic,adversarial,,5,70-30,500
3,clipvision_final,0.1738032606775741,deeprecon,TH,test,brain_diffuser,ic,adversarial,,5,70-30,500
4,clipvision_patches,0.0721183125029806,deeprecon,TH,test,brain_diffuser,ic,adversarial,,5,70-30,500
0,vdvae,0.0007486946736459,deeprecon,TH,art,brain_diffuser,ic,adversarial,,5,70-30,500
1,cliptext_final,0.0376248280102165,deeprecon,TH,art,brain_diffuser,ic,adversarial,,5,70-30,500
2,cliptext_tokens,0.0596601238468886,deeprecon,TH,art,brain_diffuser,ic,adversarial,,5,70-30,500
3,clipvision_final,0.043104672081763,deeprecon,TH,art,brain_diffuser,ic,adversarial,,5,70-30,500
4,clipvision_patches,0.0372155065739909,deeprecon,TH,art,brain_diffuser,ic,adversarial,,5,70-30,500
0,vdvae,0.0003886268086613,deeprecon,TH,test,brain_diffuser,ic,friendly,,5,70-30,500
1,cliptext_final,0.2388539237483492,deeprecon,TH,test,brain_diffuser,ic,friendly,,5,70-30,500
2,cliptext_tokens,0.2347889460423573,deeprecon,TH,test,brain_diffuser,ic,friendly,,5,70-30,500
3,clipvision_final,0.189440374901311,deeprecon,TH,test,brain_diffuser,ic,friendly,,5,70-30,500
4,clipvision_patches,0.0724634501568362,deeprecon,TH,test,brain_diffuser,ic,friendly,,5,70-30,500
0,vdvae,0.0007486946736459,deeprecon,TH,art,brain_diffuser,ic,friendly,,5,70-30,500
1,cliptext_final,0.0376248280102165,deeprecon,TH,art,brain_diffuser,ic,friendly,,5,70-30,500
2,cliptext_tokens,0.0596601238468886,deeprecon,TH,art,brain_diffuser,ic,friendly,,5,70-30,500
3,clipvision_final,0.0340736835791237,deeprecon,TH,art,brain_diffuser,ic,friendly,,5,70-30,500
4,clipvision_patches,0.0337342836926085,deeprecon,TH,art,brain_diffuser,ic,friendly,,5,70-30,500
0,vdvae,0.0003886268086613,deeprecon,TH,test,brain_diffuser,ic,adversarial,,5,50-50,500
1,cliptext_final,0.2388539237483492,deeprecon,TH,test,brain_diffuser,ic,adversarial,,5,50-50,500
2,cliptext_tokens,0.2347889460423573,deeprecon,TH,test,brain_diffuser,ic,adversarial,,5,50-50,500
3,clipvision_final,0.1513625375391835,deeprecon,TH,test,brain_diffuser,ic,adversarial,,5,50-50,500
4,clipvision_patches,0.0731634889071011,deeprecon,TH,test,brain_diffuser,ic,adversarial,,5,50-50,500
0,vdvae,0.0007486946736459,deeprecon,TH,art,brain_diffuser,ic,adversarial,,5,50-50,500
1,cliptext_final,0.0376248280102165,deeprecon,TH,art,brain_diffuser,ic,adversarial,,5,50-50,500
2,cliptext_tokens,0.0596601238468886,deeprecon,TH,art,brain_diffuser,ic,adversarial,,5,50-50,500
3,clipvision_final,0.0393889555312237,deeprecon,TH,art,brain_diffuser,ic,adversarial,,5,50-50,500
4,clipvision_patches,0.035438770729624,deeprecon,TH,art,brain_diffuser,ic,adversarial,,5,50-50,500
0,vdvae,0.0003886268086613,deeprecon,TH,test,brain_diffuser,ic,friendly,,5,50-50,500
1,cliptext_final,0.2388539237483492,deeprecon,TH,test,brain_diffuser,ic,friendly,,5,50-50,500
2,cliptext_tokens,0.2347889460423573,deeprecon,TH,test,brain_diffuser,ic,friendly,,5,50-50,500
3,clipvision_final,0.1645122086706822,deeprecon,TH,test,brain_diffuser,ic,friendly,,5,50-50,500
4,clipvision_patches,0.0727074147728272,deeprecon,TH,test,brain_diffuser,ic,friendly,,5,50-50,500
0,vdvae,0.0007486946736459,deeprecon,TH,art,brain_diffuser,ic,friendly,,5,50-50,500
1,cliptext_final,0.0376248280102165,deeprecon,TH,art,brain_diffuser,ic,friendly,,5,50-50,500
2,cliptext_tokens,0.0596601238468886,deeprecon,TH,art,brain_diffuser,ic,friendly,,5,50-50,500
3,clipvision_final,0.044901565193216,deeprecon,TH,art,brain_diffuser,ic,friendly,,5,50-50,500
4,clipvision_patches,0.0363742502846923,deeprecon,TH,art,brain_diffuser,ic,friendly,,5,50-50,500
0,vdvae,0.0003886268086613,deeprecon,TH,test,brain_diffuser,fgsm,adversarial,0.03,5,,
1,cliptext_final,0.2388539237483492,deeprecon,TH,test,brain_diffuser,fgsm,adversarial,0.03,5,,
2,cliptext_tokens,0.2347889460423573,deeprecon,TH,test,brain_diffuser,fgsm,adversarial,0.03,5,,
3,clipvision_final,0.2036180121755128,deeprecon,TH,test,brain_diffuser,fgsm,adversarial,0.03,5,,
4,clipvision_patches,0.0810235206603836,deeprecon,TH,test,brain_diffuser,fgsm,adversarial,0.03,5,,
0,vdvae,0.0007486946736459,deeprecon,TH,art,brain_diffuser,fgsm,adversarial,0.03,5,,
1,cliptext_final,0.0376248280102165,deeprecon,TH,art,brain_diffuser,fgsm,adversarial,0.03,5,,
2,cliptext_tokens,0.0596601238468886,deeprecon,TH,art,brain_diffuser,fgsm,adversarial,0.03,5,,
3,clipvision_final,0.0250830712101857,deeprecon,TH,art,brain_diffuser,fgsm,adversarial,0.03,5,,
4,clipvision_patches,0.0393231785592308,deeprecon,TH,art,brain_diffuser,fgsm,adversarial,0.03,5,,
0,vdvae,0.0003886268086613,deeprecon,TH,test,brain_diffuser,fgsm,friendly,0.03,5,,
1,cliptext_final,0.2388539237483492,deeprecon,TH,test,brain_diffuser,fgsm,friendly,0.03,5,,
2,cliptext_tokens,0.2347889460423573,deeprecon,TH,test,brain_diffuser,fgsm,friendly,0.03,5,,
3,clipvision_final,0.2029501740261966,deeprecon,TH,test,brain_diffuser,fgsm,friendly,0.03,5,,
4,clipvision_patches,0.0797120666510977,deeprecon,TH,test,brain_diffuser,fgsm,friendly,0.03,5,,
0,vdvae,0.0007486946736459,deeprecon,TH,art,brain_diffuser,fgsm,friendly,0.03,5,,
1,cliptext_final,0.0376248280102165,deeprecon,TH,art,brain_diffuser,fgsm,friendly,0.03,5,,
2,cliptext_tokens,0.0596601238468886,deeprecon,TH,art,brain_diffuser,fgsm,friendly,0.03,5,,
3,clipvision_final,0.0234761606732424,deeprecon,TH,art,brain_diffuser,fgsm,friendly,0.03,5,,
4,clipvision_patches,0.0386065690291669,deeprecon,TH,art,brain_diffuser,fgsm,friendly,0.03,5,,
